season,player_id,player_name,position,weight,standing_vertical_leap,max_vertical_leap,lane_agility_time,three_quarter_sprint
2001,12033,Adam Allenspach,C,259.0,28.5,31.0,11.9,3.4
2001,2240,Gilbert Arenas,SG,199.0,31.5,36.0,,3.25
2001,2220,Brandon Armstrong,SG,188.0,30.0,37.0,10.91,3.2
2001,2203,Shane Battier,SF-PF,229.0,29.5,33.0,10.95,3.3
2001,12034,Cookie Belcher,SG-PG,206.0,35.0,41.5,11.26,2.91
2001,2294,Charlie Bell,PG,200.0,31.5,38.0,10.59,3.12
2001,2257,Ruben Boumtje-Boumtje,C,245.0,26.5,31.0,11.84,3.33
2001,12035,Calvin Bowman,PF,214.0,28.5,34.5,11.96,3.21
2001,2214,Michael Bradley,PF,227.0,27.0,30.0,11.11,3.35
2001,2249,Jamison Brewer,PG,178.0,26.0,32.5,9.65,3.15
2001,2198,Kwame Brown,PF-C,243.0,30.0,33.0,11.59,3.45
2001,12031,SirValiant Brown,PG,176.0,31.0,39.5,11.23,3.0
2001,2245,Damone Brown,SF,202.0,32.0,37.0,11.81,3.27
2001,12032,Ryan Carroll,SF-SG,202.0,34.5,39.0,11.0,3.1
2001,2199,Tyson Chandler,SF-PF,224.0,31.0,33.5,12.13,3.36
2001,2251,Eric Chenowith,C,264.0,23.5,27.5,12.5,3.59
2001,2439,Sam Clancy,PF,242.0,31.0,34.0,11.47,3.13
2001,12036,Gyasi Cline-Heard,PF,231.0,31.5,34.5,11.4,3.23
2001,2215,Jason Collins,PF-C,251.0,25.5,28.5,12.1,3.54
2001,2260,Jarron Collins,C-PF,252.0,23.0,29.0,11.65,3.6
2001,2241,Omar Cook,PG,189.0,31.0,35.5,10.77,3.2
2001,2201,Eddy Curry,C,301.0,28.0,31.0,12.25,3.53
2001,12037,Tate Decker,SF,218.0,25.5,28.5,12.19,3.47
2001,2205,DeSagana Diop,C,314.0,21.5,25.5,12.37,3.56
2001,12038,Robb Dryden,C,241.0,27.0,30.0,12.47,3.46
2001,12039,Anthony Evans,PF,267.0,31.5,33.0,12.56,3.31
2001,2230,Maurice Evans,SG,221.0,34.5,37.5,10.08,3.12
2001,12150,Benjamin Eze,C-PF,232.0,29.0,32.0,13.05,3.36
2001,2386,Kimani Ffriend,C-PF,228.0,32.0,33.0,11.46,3.09
2001,2228,Alton Ford,PF,271.0,34.5,36.5,11.7,3.16
2001,2218,Joseph Forte,SG,193.0,26.5,33.0,11.51,3.19
2001,-1,Jason Gardner,PG,188.0,34.5,40.0,10.88,2.92
2001,12151,Jerry Green,PG-SG,179.0,28.5,35.0,11.7,3.17
2001,12152,Kenny Gregory,SF,200.0,39.5,45.5,11.33,3.1
2001,2204,Eddie Griffin,PF-SF,222.0,26.5,33.0,11.77,3.21
2001,2239,Trenton Hassell,SG-SF,205.0,35.5,37.5,11.57,3.29
2001,2213,Kirk Haston,PF-SF,242.0,27.0,31.5,12.25,3.35
2001,12153,Charles Hathaway,C,274.0,,,,
2001,2217,Brendan Haywood,C,266.0,27.0,28.5,12.87,3.5
2001,12154,Michael Hicks,SG,197.0,33.0,40.5,11.38,3.19
2001,2212,Steven Hunter,C-PF,224.0,30.5,38.5,11.99,3.15
2001,12155,Andre Hutson,PF,244.0,29.0,32.5,11.25,3.3
2001,12156,Nate James,SF,196.0,26.0,31.0,11.42,3.31
2001,2210,Richard Jefferson,SF,223.0,33.0,38.5,11.19,3.15
2001,2798,Horace Jenkins,PG,171.0,34.5,41.0,10.97,3.1
2001,12157,Darrell Johns,C,278.0,23.5,30.0,12.41,3.59
2001,2256,Ken Johnson,C,227.0,32.5,35.0,11.27,3.12
2001,2207,Joe Johnson,SF-SG,226.0,32.5,36.5,12.05,3.4
2001,12158,Darren Kelly,SG-PG,178.0,30.5,34.5,11.38,3.21
2001,2253,Sean Lampley,SF,213.0,36.0,40.0,11.06,3.12
2001,12159,Zach Marbury,PG-SG,183.0,33.0,36.5,11.53,3.1
2001,12160,Mike Mardesich,C-PF,247.0,24.0,30.0,11.65,3.45
2001,12161,DeMarcus Minor,SG,207.0,29.0,41.0,10.57,3.15
2001,200081,Jamario Moon,SF,185.0,33.0,43.0,11.64,3.08
2001,2211,Troy Murphy,PF,230.0,28.5,34.5,11.22,3.43
2001,12162,Troy Ostler,PF-SF,200.0,26.5,29.5,13.42,3.5
2001,40046,Lazaros Papadopoulos,C-PF,227.0,23.0,26.0,12.0,3.7
2001,12164,Rashad Phillips,PG,166.0,27.0,32.0,11.93,3.27
2001,12165,Demetrius Porter,PG,178.0,26.0,31.0,11.5,3.34
2001,12166,Martin Rancik,PF-SF,230.0,32.0,37.0,10.77,3.19
2001,2202,Jason Richardson,SF-SG,213.0,32.5,39.5,11.75,3.12
2001,2369,Norman Richardson,SG,180.0,30.5,35.5,10.97,3.15
2001,2219,Jeryl Sasser,PG-SG,194.0,29.0,34.0,11.47,3.22
2001,12167,Kenny Satterfield,PG,176.0,28.5,33.0,12.05,3.2
2001,2243,Brian Scalabrine,PF-SF,241.0,27.0,30.5,11.75,3.47
2001,12168,Lee Scruggs,PF-SF,209.0,23.5,29.5,13.28,3.55
2001,2250,Bobby Simmons,SF,235.0,27.5,34.0,11.69,3.41
2001,2226,Will Solomon,PG-SG,172.0,28.5,35.0,11.3,3.22
2001,12169,Greg Stevenson,SF,215.0,30.0,35.5,11.29,3.23
2001,12170,Damone Thornton,PF,235.0,33.5,37.5,11.17,3.2
2001,2224,Jamaal Tinsley,PG,199.0,28.0,37.5,11.96,3.2
2001,12171,Tory Walker,SF,187.0,28.0,33.0,11.95,3.25
2001,12172,Souleymane Wane,C,235.0,29.0,30.5,12.02,3.46
2001,2248,Earl Watson,PG,184.0,32.5,37.5,10.97,3.19
2001,2206,Rodney White,SF,243.0,27.5,33.0,12.07,3.47
2001,2254,Loren Woods,C-PF,246.0,24.5,28.0,11.83,3.48
2001,12041,Michael Wright,PF,247.0,27.5,33.5,11.37,3.21
2001,12040,Brent Wright,PF-SF,236.0,23.0,29.0,12.25,3.3
2004,2754,Tony Allen,SG,214.0,31.5,36.5,10.7,3.19
2004,2772,Trevor Ariza,SG-SF,201.0,29.5,32.0,11.63,3.29
2004,2857,Andre Barrett,PG,171.0,29.0,34.5,10.63,3.08
2004,101138,Brandon Bass,PF,246.0,31.5,33.0,11.61,3.24
2004,2740,Andris Biedrins,C,,,,,
2004,2800,Tony Bobbitt,SG,185.0,,,,
2004,12173,Brian Boddicker,SF-PF,230.0,28.0,30.0,10.93,3.25
2004,12174,Tim Bowers,PG-SG,181.0,37.0,43.5,11.24,3.21
2004,2810,Andre Brown,PF-C,236.0,32.0,35.5,11.7,3.22
2004,2766,Antonio Burks,PG,191.0,,,,
2004,2866,Jackie Butler,C,263.0,23.0,25.0,13.32,3.4
2004,12175,Aleksandar Capin,PG,176.0,23.0,29.0,11.5,3.27
2004,12176,Ales Chan,C,255.0,21.0,29.0,12.9,3.62
2004,2735,Josh Childress,SG-SF,196.0,29.0,36.0,11.95,3.38
2004,200555,TJ Cummings,SF,215.0,27.0,31.0,11.58,3.12
2004,2845,Erik Daniels,SF-PF,223.0,31.0,32.0,11.38,3.19
2004,2736,Luol Deng,SF,220.0,27.5,31.5,11.46,3.34
2004,12177,Marcus Douthit,C-PF,223.0,25.5,31.5,11.64,3.34
2004,2768,Chris Duhon,PG,193.0,31.5,35.0,10.45,3.14
2004,2823,John Edwards,C,264.0,,,,
2004,2765,Andre Emmett,SG-SF,216.0,,,,
2004,2824,Desmon Farmer,SG,214.0,24.0,31.0,10.89,3.2
2004,2784,Luis Flores,PG-SG,202.0,29.0,32.0,10.97,3.1
2004,2782,Matt Freije,SF-PF,234.0,29.5,31.0,11.15,3.25
2004,12178,Chris Garnett,C-PF,260.0,27.0,31.5,11.75,3.36
2004,101155,Ryan Gomes,SF-PF,248.0,26.5,30.5,12.49,3.24
2004,2732,Ben Gordon,PG-SG,192.0,31.5,37.5,11.28,3.19
2004,2734,Devin Harris,PG,170.0,30.5,37.0,11.03,3.19
2004,2730,Dwight Howard,PF-C,240.0,30.5,35.5,11.21,3.14
2004,12179,Rolando Howell,PF,229.0,28.5,34.5,11.91,3.28
2004,2743,Kris Humphries,PF,238.0,29.5,36.0,11.33,3.2
2004,2738,Andre Iguodala,SG-SF,217.0,30.5,34.5,11.17,3.18
2004,12180,Martin Iti,C-PF,233.0,26.5,32.5,12.28,3.41
2004,2739,Luke Jackson,SF-SG,212.0,26.5,36.0,11.1,3.24
2004,2744,Al Jefferson,PF-SF,263.0,28.5,30.0,13.08,3.29
2004,2865,Arthur Johnson,PF-C,262.0,26.5,28.5,11.81,3.38
2004,12181,Ivan Koljevic,PG,172.0,26.0,28.5,11.07,3.28
2004,12182,Herve Lamizana,SF-PF,210.0,,,,
2004,2778,Sergei Lishouk,PF-SF,244.0,,,,
2004,2733,Shaun Livingston,PG-SG,186.0,26.5,30.0,10.72,3.23
2004,12184,Jaime Lloreda,PF,247.0,25.5,29.5,12.93,3.23
2004,12000,Bryant Matthews,SF-SG,206.0,29.0,34.5,11.08,3.13
2004,12001,Marcus Melvin,SF-PF,241.0,25.0,30.5,11.81,3.33
2004,2822,Rich Melzer,PF-SF,229.0,24.5,28.5,11.74,3.39
2004,2777,Ricky Minard,PG-SG,198.0,27.5,33.0,10.94,3.1
2004,12002,James Moore,PF-SF,198.0,28.5,32.5,11.01,3.21
2004,12003,Marcus Moore,PG-SG,202.0,25.0,30.0,11.31,3.34
2004,12004,Michel Morandais,SG-SF,205.0,30.5,33.5,11.45,3.22
2004,2749,Jameer Nelson,PG,199.0,28.5,33.5,10.95,3.14
2004,12005,Misan Nikagbatse,SG-PG,223.0,27.5,32.5,11.27,3.32
2004,2731,Emeka Okafor,C-PF,257.0,31.5,34.0,12.32,3.15
2004,12006,Randall Orr,PF-SF,193.0,26.5,33.0,11.18,3.27
2004,12007,Dylan Page,SF,239.0,26.0,30.0,10.99,3.4
2004,-1,Drago Pasalic,PF,231.0,25.5,30.0,12.97,3.56
2004,12008,Rickey Paulding,SG,210.0,30.0,36.0,11.14,3.17
2004,12009,Kelvin Pena,SG-PG,182.0,27.5,32.5,11.5,3.24
2004,2773,Tim Pickett,PG-SG,207.0,,,,
2004,12010,Omar Quintero,PG,170.0,25.0,29.0,11.37,3.25
2004,2762,Peter Ramos,C,266.0,24.0,26.5,12.61,3.6
2004,2876,Jared Reiner,C-PF,246.0,22.0,26.0,12.65,3.56
2004,101160,Lawrence Roberts,PF,233.0,27.5,33.0,12.52,3.3
2004,2774,Bernard Robinson,SG-SF,208.0,28.5,34.5,10.91,3.17
2004,101126,Nate Robinson,PG,181.0,35.5,43.5,10.75,2.96
2004,12011,Aerick Sanders,PF,205.0,24.5,30.5,11.98,3.37
2004,2781,Romain Sato,SG,204.0,31.5,35.5,11.27,3.18
2004,12012,Blagota Sekulic,SF-PF,234.0,23.5,31.5,10.93,3.39
2004,2746,Josh Smith,SG-SF,221.0,32.5,39.5,11.43,3.24
2004,2747,J.R. Smith,SG-SF,227.0,29.0,35.5,10.93,3.21
2004,2745,Kirk Snyder,SG-SF,228.0,30.0,35.0,10.79,3.13
2004,2776,Pape Sow,PF-C,233.0,28.0,31.5,12.13,3.27
2004,12014,Tiago Splitter,C-PF,233.0,26.0,31.5,11.65,3.38
2004,12015,Blake Stepp,PG,,,,,
2004,12016,Tom Timmerrmans,PF-C,272.0,23.0,26.5,13.13,3.63
2004,12296,Marko Tomas,SG-PG,198.0,32.0,31.5,11.8,3.23
2004,2757,Beno Udrih,PG,199.0,,,,
2004,2761,Jackson Vroman,PF-C,226.0,29.5,33.5,10.75,3.25
2004,2753,Delonte West,PG-SG,183.0,30.0,35.0,11.2,3.15
2004,2863,Damien Wilkins,SG-SF,222.0,26.5,31.0,11.92,3.15
2004,12292,Mike Williams,SF,197.0,23.5,27.5,11.59,3.42
2004,12293,Nate Williams,PF-SF,240.0,23.5,26.0,12.6,3.35
2004,12294,Rashad Wright,PG,190.0,28.5,32.5,11.15,3.28
2005,101165,Alex Acker,SG,183.0,28.0,32.0,11.67,3.35
2005,101224,Deji Akindele,C-PF,236.4,30.5,32.5,12.58,3.35
2005,200969,Mustafa Al-Sayyad,PF-C,,26.5,30.5,11.56,3.42
2005,12104,Nemanja Aleksandrov,PF-SF,220.6,,,,
2005,101187,Alan Anderson,SG-SF,223.2,26.5,30.5,10.32,3.27
2005,101149,Martynas Andriuskevicius,C-PF,227.8,24.0,27.5,11.94,3.42
2005,101252,Sean Banks,SF,206.4,25.0,31.5,11.74,3.35
2005,101188,Eddie Basden,SG-SF,210.0,33.0,36.5,10.52,3.21
2005,12105,Mike Bell,SF-PF,206.2,33.5,39.5,11.73,3.29
2005,101106,Andrew Bogut,C-PF,250.6,27.5,33.5,12.06,3.51
2005,200793,Dee Brown,PG-SG,179.0,,,,
2005,101198,Will Bynum,PG-SG,188.8,33.0,40.5,11.12,3.0
2005,12106,Marcus Campbell,C,280.4,,,,
2005,101215,Will Conroy,PG,188.6,30.5,36.5,10.51,3.28
2005,12107,Taylor Coppenrath,PF-SF,252.4,24.5,27.0,11.51,3.44
2005,101143,Travis Diener,PG-SG,165.2,24.5,31.0,10.85,3.26
2005,101113,Ike Diogu,PF,255.4,28.0,31.0,11.94,3.45
2005,12108,Daryl Dorsey,PG,160.8,25.0,30.5,11.41,3.24
2005,101145,Monta Ellis,SG-PG,176.6,26.5,31.5,12.13,3.31
2005,101109,Raymond Felton,PG,199.4,29.0,33.5,10.5,3.06
2005,201164,Rudy Fernandez,SG,172.0,26.5,35.5,10.48,3.33
2005,12109,D'Or Fischer,C-PF,242.4,28.0,30.5,12.53,3.5
2005,12110,Eddy Fobbs,C-PF,235.2,29.5,34.0,11.53,3.28
2005,101213,Sharrod Ford,PF,212.8,28.5,37.0,11.92,3.2
2005,101112,Channing Frye,PF-C,243.6,27.5,31.0,11.6,3.38
2005,101184,Deng Gai,PF-C,214.0,31.5,35.5,12.51,3.27
2005,101128,Francisco Garcia,SF-SG,189.6,27.5,31.5,10.63,3.33
2005,12111,John Gilchrist,PG,195.2,30.5,36.5,11.48,3.15
2005,101162,Marcin Gortat,PF-C,225.2,29.5,36.0,11.48,3.33
2005,101121,Joey Graham,SF,216.6,30.0,36.0,10.62,3.05
2005,101122,Danny Granger,,225.4,31.0,34.0,10.84,3.34
2005,101123,Gerald Green,SF,192.0,31.5,39.0,11.2,3.21
2005,101236,Charles Hayes,SF-PF,232.4,30.0,33.0,10.7,3.34
2005,101129,Luther Head,PG-SG,178.8,31.5,38.5,11.12,3.21
2005,101125,Julius Hodge,SG-SF,202.2,24.5,29.0,10.89,3.18
2005,12112,Jared Homan,C-PF,248.2,,,,
2005,101141,Ersan Ilyasova,SF,208.8,22.0,30.0,11.59,3.56
2005,101127,Jarrett Jack,PG,197.6,26.0,28.5,10.87,3.24
2005,101204,Dwayne Jones,C-PF,242.2,28.0,31.5,11.87,3.25
2005,12113,Mindaugas Katelynas,SF-PF,217.0,31.5,35.0,11.6,3.38
2005,201318,Jason Klotz,C-PF,249.4,21.5,27.0,13.13,3.68
2005,-1,Carl Krauser,PG-SG,193.4,26.0,31.0,11.62,3.38
2005,101247,Keith Langford,SG-SF,203.2,32.0,29.5,11.38,3.23
2005,101135,David Lee,PF,229.5,30.5,32.5,10.8,3.19
2005,12114,David Lucas,PF,233.4,,,,
2005,101249,John Lucas III,PG,154.4,29.0,34.0,10.44,3.14
2005,101185,Rawle Marshall,SG-SF,186.6,30.5,37.0,11.64,3.21
2005,101131,Jason Maxiell,PF,257.6,,,,
2005,101118,Sean May,PF,258.8,30.0,33.0,11.04,3.29
2005,101119,Rashad McCants,SG,201.0,32.5,34.5,10.39,3.11
2005,200829,Ivan McFarlin,PF,228.6,26.5,32.0,10.64,3.27
2005,12115,Juan Mendez,PF-SF,231.4,29.0,33.0,11.7,3.24
2005,101223,Aaron Miles,PG,174.6,32.0,37.5,10.69,3.22
2005,12116,Ellis Myles,PF,255.2,26.0,28.5,12.8,3.42
2005,12117,Larry O'Bannon,SG,196.0,31.5,36.5,11.44,3.18
2005,12118,Drago Pasalic,SF-PF,238.8,25.0,30.5,12.12,3.48
2005,101108,Chris Paul,PG,178.0,32.0,38.0,11.09,3.22
2005,200819,Kevin Pittsnogle,PF,259.2,,,,
2005,201225,Carlos Powell,SF-PF,221.8,27.5,34.5,11.54,3.21
2005,101232,Roger Powell,SF,218.6,,,,
2005,101179,Ronnie Price,PG,184.8,31.5,39.0,10.49,3.29
2005,101194,Anthony Roberson,PG,178.8,31.5,37.0,11.17,3.19
2005,201575,Brandon Rush,SG-SF,211.4,32.5,35.0,11.33,3.31
2005,101195,Luke Schenscher,C,241.6,23.5,26.5,12.4,3.47
2005,101134,Wayne Simien,PF,255.8,27.0,27.5,11.05,3.35
2005,12120,Tre Simmons,SG-SF,194.2,27.0,31.5,10.8,3.18
2005,12121,David Simon,C-PF,258.8,28.0,33.0,11.98,3.44
2005,101147,Chris Taft,PF,261.0,28.5,33.0,11.26,3.27
2005,12122,Chris Thomas,PG,176.2,28.5,34.0,10.84,3.33
2005,12119,Omar Thomas,SF-SG,200.0,25.0,29.5,11.11,3.27
2005,101159,Dijon Thompson,SF-SG,195.8,,,,
2005,101142,Ronny Turiaf,PF,237.8,30.5,33.0,11.5,3.23
2005,101111,Charlie Villanueva,PF-SF,236.6,26.0,31.0,10.86,3.3
2005,101124,Hakim Warrick,PF-SF,215.0,33.0,38.0,,3.22
2005,101110,Martell Webster,SF,229.6,28.0,30.5,11.39,3.39
2005,101156,Robert Whaley,PF-C,269.4,28.5,33.5,12.11,3.25
2005,101107,Marvin Williams,PF-SF,228.2,29.5,35.0,11.11,3.17
2005,101114,Deron Williams,PG,202.4,30.0,35.0,10.83,3.25
2005,101214,Jawad Williams,SF,218.0,28.0,34.0,11.39,3.23
2005,101120,Antoine Wright,SF-SG,202.6,26.5,29.5,11.45,3.41
2005,101152,Bracey Wright,SG-PG,186.8,30.0,36.0,11.58,3.27
2007,12204,Mohamed Abukar,SF,210.0,30.5,35.0,11.78,3.37
2007,12205,Mario Boggan,PF,240.0,24.0,26.5,12.18,3.45
2007,12206,Craig Bradshaw,PF,240.0,26.0,28.0,11.88,3.54
2007,201147,Corey Brewer,SF-SG,185.0,30.5,36.5,11.69,3.22
2007,201166,Aaron Brooks,PG,161.0,32.5,39.5,10.57,3.2
2007,201628,Bobby Brown,PG,170.0,32.5,41.0,11.27,3.25
2007,201469,Russell Carter,SG,221.0,33.0,38.5,11.61,3.29
2007,12207,Coleman Collins,PF,236.0,30.0,35.0,11.47,
2007,201144,Mike Conley,PG,175.0,35.5,40.5,11.63,3.09
2007,201161,Daequan Cook,SG,203.0,30.0,34.5,11.12,3.22
2007,12208,Ryvon Covile,C-PF,250.0,25.0,30.5,12.52,3.37
2007,201159,Javaris Crittenton,PG,194.0,32.5,38.0,11.6,3.32
2007,201176,Jermareo Davidson,PF,230.0,27.0,30.0,12.63,3.53
2007,12209,Justin Doellman,PF,205.0,,,,
2007,12210,Zabian Dowdell,PG,191.0,30.0,33.5,11.13,3.29
2007,201162,Jared Dudley,SF,219.0,28.0,32.0,11.32,3.45
2007,201142,Kevin Durant,SF-PF,215.0,26.0,33.5,12.33,3.45
2007,12211,Rashaun Freeman,PF,244.0,28.0,32.0,11.43,3.41
2007,201189,Aaron Gray,C,271.0,27.0,32.5,12.07,3.7
2007,12212,Caleb Green,PF,238.0,28.5,36.0,11.72,3.46
2007,201145,Jeff Green,SF,228.0,33.5,38.0,12.0,3.34
2007,201192,Taurean Green,PG,173.0,29.0,32.5,11.3,3.26
2007,201150,Spencer Hawes,PF,244.0,26.0,29.0,11.88,3.51
2007,12214,Brandon Heath,PG,181.0,32.0,36.0,11.39,3.28
2007,201195,Herbert Hill,C,232.0,30.5,34.0,12.31,3.39
2007,201143,Al Horford,PF,246.0,31.0,35.5,12.15,3.37
2007,12215,Quinton Hosley,SF-SG,215.0,28.5,34.0,12.47,3.32
2007,12216,James Hughes,C,209.0,31.0,33.0,13.31,3.37
2007,12217,Jeremy Hunt,SG,198.0,30.5,33.0,12.11,3.29
2007,12218,Ekene Ibekwe,PF,208.0,34.5,39.0,11.0,3.28
2007,12219,Dominic James,PG,175.0,33.5,38.5,10.94,3.11
2007,201234,Trey Johnson,SG,216.0,26.5,35.0,11.78,3.31
2007,12220,Rashad Jones-Jennings,PF,235.0,25.0,30.0,12.18,3.29
2007,201185,Jared Jordan,PG,183.0,24.5,28.5,11.02,3.39
2007,201207,Coby Karl,SG-PG,204.0,32.0,34.5,11.57,3.41
2007,12221,Antanas Kavaliauskas,PF,237.0,25.5,30.0,11.19,3.42
2007,201171,Carl Landry,PF,248.0,31.5,36.5,11.35,3.29
2007,201186,Stephane Lasme,PF,213.0,29.5,36.0,11.73,3.22
2007,201151,Acie Law,PG,186.0,29.0,34.0,11.0,3.22
2007,12222,Marko Lekic,C,267.0,24.0,30.5,11.96,3.43
2007,12223,Ron Lewis,SG,194.0,33.0,38.0,11.59,3.22
2007,201858,Cartier Martin,SF,218.0,27.0,29.5,12.1,3.43
2007,201187,Dominic McGuire,SF,220.0,28.5,34.5,10.95,3.25
2007,201177,Josh McRoberts,PF,240.0,27.5,31.5,11.7,3.47
2007,201197,Sammy Mejia,SG,218.0,27.0,31.5,11.87,3.49
2007,12224,Brad Newley,SG,201.0,29.5,31.5,11.77,3.29
2007,201193,Demetris Nichols,SF,211.0,28.5,32.5,10.39,3.38
2007,201149,Joakim Noah,PF,223.0,32.5,37.5,11.79,3.47
2007,201141,Greg Oden,C,257.0,32.0,34.0,11.67,3.27
2007,12225,Ivan Radenovic,PF,226.0,23.0,28.0,11.61,3.6
2007,12226,JR Reynolds,PG,188.0,27.5,34.5,11.69,3.24
2007,201181,Chris Richard,PF,252.0,26.5,30.5,11.39,3.29
2007,12227,Dustin Salisbery,SG,208.0,34.0,38.0,11.07,3.12
2007,12228,Blake Schilb,SG,214.0,26.5,33.5,11.63,3.36
2007,12229,Renaldas Seibutis,SG,185.0,24.0,32.5,11.33,3.39
2007,201196,Ramon Sessions,PG,185.0,29.5,33.5,11.65,3.27
2007,201203,Mustafa Shakur,PG,185.0,28.5,35.0,11.82,3.27
2007,201160,Jason Smith,PF,233.0,33.5,37.5,10.96,3.29
2007,201199,DJ Strawberry,SG,199.0,28.5,35.0,10.87,3.14
2007,201155,Rodney Stuckey,SG-PG,207.0,30.5,35.0,11.34,3.11
2007,12230,Curtis Sumpter,SF,227.0,27.5,32.5,11.3,3.22
2007,201180,Yue Sun,SF,212.0,29.0,34.0,10.68,3.45
2007,201249,Jamaal Tatum,PG,168.0,28.5,33.0,11.51,3.22
2007,12232,Reyshawn Terry,SF,222.0,31.0,37.5,11.76,3.26
2007,201154,Al Thornton,SF,221.0,35.0,41.0,11.96,3.16
2007,201229,Anthony Tolliver,PF,242.0,28.5,30.0,11.49,3.29
2007,12233,Ali Traore,C-PF,249.0,25.0,29.0,12.16,3.52
2007,12234,Kyle Visser,C,242.0,26.0,29.0,12.6,3.39
2007,201208,Darryl Watkins,C,241.0,26.5,31.0,11.65,3.56
2007,12235,Major Wingate,C,242.0,27.5,30.5,12.14,3.47
2007,12236,DaShaun Wood,PG,167.0,31.5,34.5,11.4,3.23
2007,201153,Julian Wright,SF-PF,211.0,28.5,33.5,11.48,3.36
2007,201148,Brandan Wright,PF,200.0,30.5,35.5,11.76,3.31
2007,12237,Avis Wyatt,PF,212.0,27.5,32.0,11.46,3.23
2007,201146,Jianlian Yi,,,,,,
2007,201156,Nick Young,SG-SF,206.0,39.5,40.5,11.0,3.25
2007,201152,Thaddeus Young,SF,210.0,34.5,37.0,11.06,3.19
2008,201570,Joe Alexander,SF-PF,220.0,32.5,38.5,11.33,2.99
2008,201589,Darrell Arthur,PF,216.0,28.5,30.0,12.18,3.14
2008,201571,D.J. Augustin,PG,171.5,28.5,35.0,11.27,3.07
2008,201573,Jerryd Bayless,PG-SG,204.0,31.0,38.0,11.26,3.07
2008,201563,Michael Beasley,PF-SF,239.0,30.0,35.0,11.06,3.24
2008,12239,Ramel Bradley,PG-SG,184.0,24.5,29.5,10.68,3.24
2008,12240,Tyrone Brazelton,PG,166.0,30.0,34.0,11.59,3.25
2008,12241,Takais Brown,PF,252.0,29.0,31.0,12.47,3.25
2008,201812,Keith Brumbaugh,SF-PF,190.0,26.0,27.0,11.65,3.28
2008,201868,Stanley Burrell,PG,201.0,29.5,34.5,11.19,3.19
2008,12242,Brian Butch,C-PF,229.6,24.0,26.5,11.87,3.52
2008,12243,Jamar Butler,PG,182.0,,,,
2008,12244,Pat Calathes,SF-PF,204.0,,,,
2008,12245,Joe Crawford,SG,213.0,31.0,36.0,11.67,3.22
2008,12246,Chris Daniels,C-PF,256.0,26.0,28.5,12.72,3.56
2008,201595,Joey Dorsey,PF-C,265.0,27.5,33.0,11.84,3.2
2008,12247,Marcus Dove,SF-PF,208.0,27.5,33.5,11.59,3.26
2008,12248,Josh Duncan,PF,230.0,28.0,32.0,12.47,3.26
2008,12249,Frank Elegar,PF,210.0,33.5,37.5,11.86,3.17
2008,201607,Patrick Ewing Jr.,SF-PF,224.0,35.0,42.0,11.77,3.43
2008,201814,Gary Forbes,SG,220.5,27.5,33.5,11.45,3.25
2008,12250,Shan Foster,SG,194.5,30.0,33.0,12.3,3.24
2008,201592,J.R. Giddens,SG,208.0,,,,
2008,12251,James Gist,PF,220.0,30.5,35.0,11.37,3.14
2008,12252,Vladimir Golubovic,C,258.0,21.5,27.0,12.4,3.33
2008,201569,Eric Gordon,SG,222.0,32.0,40.0,10.81,3.01
2008,201863,Kentrell Gransberry,C,290.0,24.5,27.5,12.16,3.32
2008,201590,Donte Greene,SF-PF,221.0,27.5,31.5,11.21,3.2
2008,201612,Malik Hairston,SG,204.0,30.5,38.0,11.33,3.08
2008,201614,DeVon Hardin,C-PF,235.0,29.5,32.0,11.49,3.33
2008,201613,Richard Hendrix,PF,250.0,26.5,28.0,10.62,3.27
2008,201588,George Hill,PG,181.0,34.0,37.5,12.2,3.07
2008,12254,Kyle Hines,SF-PF,234.0,28.5,33.0,12.17,3.4
2008,12255,Jiri Hubalek,C-PF,226.0,20.5,26.0,12.26,3.54
2008,201991,Lester Hudson,PG,196.0,30.5,36.0,11.15,3.16
2008,201629,Othello Hunter,PF-SF,220.0,28.0,34.5,11.51,3.18
2008,201616,Darnell Jackson,PF,240.5,27.0,31.0,11.75,3.26
2008,12256,Shawn James,PF,217.0,,,,
2008,12257,Davon Jefferson,SF,213.0,27.0,32.0,12.02,3.36
2008,12258,Joseph Jones,PF,240.0,25.5,31.0,11.61,3.33
2008,201599,DeAndre Jordan,C,250.0,26.0,30.5,12.3,3.27
2008,12253,Sasha Kaun,C-PF,247.0,29.0,32.0,12.06,3.2
2008,12260,Marcelus Kemp,SG,221.0,26.0,30.0,11.79,3.39
2008,12261,Maarty Leunen,SF,222.0,29.5,34.5,11.57,3.36
2008,201848,Longar Longar,C,212.5,,,,
2008,201572,Brook Lopez,C,258.0,27.5,30.5,12.77,3.57
2008,201567,Kevin Love,PF,255.0,29.5,35.0,11.17,3.22
2008,12262,Aleks Maric,C,273.0,23.0,28.0,11.76,3.35
2008,201564,O.J. Mayo,SG-PG,200.0,30.5,41.0,11.04,3.14
2008,201651,James Mays,PF,227.0,29.5,35.0,11.23,3.19
2008,201601,Luc Mbah a Moute,SF,221.0,32.0,38.5,11.71,3.17
2008,201580,JaVale McGee,C-PF,241.0,27.0,32.5,12.75,3.25
2008,12263,Drew Neitzel,PG,175.5,25.5,32.0,11.19,3.2
2008,201634,DeMarcus Nelson,PG-SG,198.0,34.5,38.5,10.54,3.13
2008,201624,David Padgett,C-PF,239.5,24.0,28.0,12.45,3.45
2008,12264,Jeremy Pargo,PG,208.0,32.0,37.0,10.65,3.07
2008,12265,Trent Plaisted,PF,240.0,30.5,35.5,11.32,3.17
2008,12266,Quan Prowell,SF-PF,225.5,32.0,36.0,11.79,3.14
2008,12267,Shaun Pruitt,C-PF,242.2,27.0,32.5,11.3,3.4
2008,201576,Anthony Randolph,PF-SF,197.0,29.0,35.0,11.86,3.26
2008,12268,Charles Rhodes,PF,244.0,26.5,33.5,11.51,3.13
2008,12259,John Riek,C,237.0,,,,
2008,12269,Brian Roberts,PG,173.0,31.5,36.5,10.65,3.05
2008,201781,Russell Robinson,PG,196.0,25.0,31.5,11.3,3.15
2008,12270,Richard Roby,SG-SF,203.0,,,,
2008,201565,Derrick Rose,PG,196.0,34.5,40.0,11.69,3.05
2008,201606,Sean Singletary,PG,183.8,26.0,,,
2008,12271,Ronald Steele,PG,183.5,25.0,29.5,11.08,3.26
2008,201446,Mike Taylor,SG-PG,166.2,31.0,39.0,10.98,3.08
2008,12272,Bryce Taylor,SG,210.0,34.5,41.0,11.08,3.19
2008,201872,Mark Tyndale,SG-SF,217.0,27.0,33.5,12.52,3.14
2008,12273,Robert Vaden,SG,199.0,26.0,29.5,11.97,3.4
2008,201622,Deron Washington,SF,198.5,34.0,40.0,11.03,3.09
2008,201603,Sonny Weems,SG-SF,193.0,29.0,36.5,10.58,2.96
2008,201566,Russell Westbrook,PG,192.0,30.0,36.5,10.98,3.08
2008,199,Reggie Williams,SG,199.0,31.5,36.5,11.32,3.07
2009,202399,Jeff Adrien,PF,236.2,27.5,31.5,11.34,3.32
2009,201965,Jeff Ayres,PF,239.6,31.0,35.0,11.98,3.14
2009,201958,Rodrigue Beaubois,PG,182.4,29.5,39.0,10.49,3.15
2009,201971,DeJuan Blair,PF,276.6,26.0,33.0,11.5,3.45
2009,201974,Derrick Brown,SF-PF,224.6,30.5,35.5,11.26,3.13
2009,201978,Chase Budinger,SF-SG,206.4,29.5,38.5,11.08,3.24
2009,201960,DeMarre Carroll,PF-SF,207.2,,,,
2009,201956,Omri Casspi,SF,211.2,25.5,32.5,11.15,3.28
2009,12275,Dionte Christmas,SG,210.8,27.0,33.5,10.83,3.21
2009,201947,Earl Clark,SF-PF,228.4,28.5,33.0,11.17,3.35
2009,201954,Darren Collison,PG,166.2,30.5,33.5,10.45,3.1
2009,201967,Dante Cunningham,PF,227.4,28.0,35.0,11.18,3.26
2009,201939,Stephen Curry,PG-SG,181.0,29.5,35.5,11.07,3.28
2009,201948,Austin Daye,SF-PF,191.8,25.0,28.0,12.11,3.55
2009,201942,DeMar DeRozan,SG-SF,211.2,29.0,38.5,11.88,3.31
2009,201962,Toney Douglas,PG,183.4,28.0,32.5,10.63,3.03
2009,201961,Wayne Ellington,SG,202.4,31.5,38.0,11.14,3.2
2009,201936,Tyreke Evans,PG-SG,220.6,28.5,34.0,11.81,3.17
2009,201938,Jonny Flynn,PG,195.6,33.0,40.0,10.86,3.23
2009,201959,Taj Gibson,PF,214.4,25.5,30.0,11.56,3.41
2009,201980,Danny Green,SG-SF,208.0,29.0,33.0,11.3,3.3
2009,201933,Blake Griffin,PF,248.4,32.0,35.5,10.95,3.28
2009,201946,Tyler Hansbrough,PF,234.2,27.5,34.0,11.12,3.27
2009,201935,James Harden,SG,222.0,31.5,37.0,11.1,3.13
2009,201945,Gerald Henderson,SG-SF,214.6,31.5,35.0,11.17,3.14
2009,12278,Josh Heytvelt,PF-C,246.2,28.5,34.0,11.67,3.38
2009,201941,Jordan Hill,PF-C,232.4,31.0,35.0,12.23,3.3
2009,201950,Jrue Holiday,PG-SG,199.0,28.5,34.0,10.64,3.21
2009,12279,Joe Ingles,SF,209.2,26.0,31.0,10.66,3.3
2009,201949,James Johnson,SF-PF,257.2,30.5,35.0,11.21,3.23
2009,201951,Ty Lawson,PG,196.6,29.0,36.5,10.98,3.12
2009,201953,Eric Maynor,PG,163.6,28.5,31.5,10.78,3.19
2009,12282,Jack McClinton,SG-PG,185.2,30.0,36.5,10.44,3.21
2009,12283,Jerel McNeal,SG,190.4,31.5,36.5,10.61,3.25
2009,201975,Jodie Meeks,SG,211.4,28.5,37.0,10.96,3.1
2009,201988,Patty Mills,PG,175.4,27.5,33.0,10.87,3.1
2009,201957,Byron Mullens,C,258.2,28.5,32.5,11.1,3.45
2009,201985,A.J. Price,PG,192.8,26.0,31.0,10.99,3.22
2009,12284,Tyler Smith,SF,212.0,29.0,33.5,10.69,3.24
2009,201969,DaJuan Summers,SF,243.0,29.5,34.5,10.94,3.17
2009,201966,Jermaine Taylor,SG,207.4,34.0,37.5,11.54,3.32
2009,201952,Jeff Teague,PG,175.2,30.5,36.5,11.05,3.18
2009,201934,Hasheem Thabeet,C,267.2,,,,
2009,201977,Marcus Thornton,SG,194.4,31.0,33.0,10.73,3.28
2009,201944,Terrence Williams,SG-SF,213.2,30.5,37.0,11.15,3.18
2009,201970,Sam Young,SF-SG,222.8,27.5,33.0,11.47,3.45
2010,202374,Solomon Alabi,C,237.4,22.5,26.0,13.2,3.68
2010,202332,Cole Aldrich,C,236.0,23.0,28.0,11.48,3.35
2010,202329,Al-Farouq Aminu,SF,216.0,27.0,33.5,11.29,3.3
2010,202341,James Anderson,SF,207.6,30.0,35.5,11.86,3.19
2010,202337,Luke Babbitt,SF-PF,217.8,29.5,37.5,10.98,3.4
2010,202339,Eric Bledsoe,PG,191.6,,,,
2010,202344,Trevor Booker,PF,235.8,31.0,36.0,11.15,3.1
2010,202342,Craig Brackins,PF-SF,229.0,26.0,35.0,11.65,3.39
2010,202340,Avery Bradley,SG-PG,180.4,31.5,37.5,11.47,3.14
2010,202382,Derrick Caracter,PF,280.0,25.0,30.5,12.78,3.61
2010,202395,Sherron Collins,PG,217.2,27.5,33.0,12.31,3.24
2010,202326,DeMarcus Cousins,C,291.8,23.5,27.5,11.4,3.55
2010,202348,Jordan Crawford,SG,198.4,31.5,34.5,11.03,3.37
2010,202334,Ed Davis,PF,226.6,31.0,36.0,11.7,3.21
2010,202365,Devin Ebanks,SF,207.8,23.5,32.0,11.69,3.44
2010,202324,Derrick Favors,PF,245.2,31.5,35.5,11.74,3.25
2010,12316,Keith Gallon,PF-C,301.8,23.5,28.5,13.44,3.7
2010,12317,Charles Garcia,SF,231.6,24.5,30.5,11.65,3.23
2010,202331,Paul George,SF,214.4,,,,
2010,202376,Luke Harangody,PF,240.2,24.0,28.5,11.83,3.41
2010,202412,Manny Harris,SG,185.1,,,,
2010,202351,Lazar Hayward,SG-SF,225.8,31.0,36.0,10.87,3.31
2010,202330,Gordon Hayward,SF,211.0,30.5,34.5,11.73,3.22
2010,202333,Xavier Henry,SG,210.2,28.5,36.5,11.1,3.18
2010,202359,Darington Hobson,SG-SF,203.6,29.0,34.0,11.68,3.25
2010,202345,Damion James,SF,226.6,29.0,33.0,10.89,3.2
2010,202325,Wesley Johnson,SF,206.4,32.0,37.0,11.43,3.14
2010,202356,Armon Johnson,PG-SG,195.2,31.5,38.5,11.25,3.19
2010,202346,Dominique Jones,SG,216.0,26.0,32.5,10.88,3.31
2010,12329,Jerome Jordan,C,244.2,,,,
2010,12330,Sylven Landesberg,SG,210.0,28.0,32.0,11.59,3.36
2010,202371,Gani Lawal,PF,233.4,27.0,31.5,11.61,3.24
2010,202328,Greg Monroe,PF-C,246.6,25.0,29.0,12.1,3.35
2010,202350,Daniel Orton,C,269.2,24.0,30.5,12.32,3.39
2010,12334,Artsiom Parakhouski,C,268.2,25.5,26.5,12.07,3.33
2010,202335,Patrick Patterson,PF,239.6,28.5,33.5,11.14,3.25
2010,202354,Dexter Pittman,PF-C,302.6,,,,
2010,202360,Andy Rautins,SG,191.6,23.5,30.5,11.27,3.49
2010,12338,Ryan Richards,PF,230.2,25.0,28.5,11.33,3.37
2010,202383,Stanley Robinson,SF,213.2,,37.5,11.65,3.23
2010,202336,Larry Sanders,PF-C,222.4,25.5,28.0,12.49,3.27
2010,12341,Jon Scheyer,PG-SG,180.0,,,,
2010,202362,Lance Stephenson,SG,227.0,27.0,33.0,11.39,3.38
2010,12343,Mikhail Torrance,PG,208.8,23.0,32.0,11.43,3.17
2010,202323,Evan Turner,SG,213.8,27.5,34.5,11.06,3.27
2010,202327,Ekpe Udoh,PF,237.4,31.0,33.5,11.15,3.29
2010,12346,Jarvis Varnado,PF-C,210.2,29.5,32.5,11.61,3.37
2010,202349,Greivis Vasquez,PG-SG,210.8,,,,
2010,202322,John Wall,PG,195.6,30.0,39.0,10.84,3.14
2010,202378,Willie Warren,SG-PG,208.4,23.0,31.5,11.21,3.5
2010,202358,Terrico White,SG-PG,202.6,31.0,40.0,11.38,3.15
2010,202355,Hassan Whiteside,C-PF,226.6,27.0,31.5,11.83,3.54
2011,202728,Keith Benson,C-PF,217.0,31.5,36.0,11.88,3.35
2011,202705,Marshon Brooks,SG,194.6,34.0,38.5,10.74,3.09
2011,202692,Alec Burks,SG,192.6,29.0,36.0,10.96,3.17
2011,202710,Jimmy Butler,SF,222.2,32.0,39.0,11.12,3.15
2011,202708,Norris Cole,PG,174.4,29.5,38.5,10.07,3.22
2011,202739,Jon Diebler,SG,196.6,28.0,35.0,10.94,3.37
2011,12406,Michael Dunigan,PF-C,237.6,29.5,34.5,11.85,3.27
2011,12407,LaceDarius Dunn,SG,187.8,26.5,31.0,11.45,3.27
2011,202702,Kenneth Faried,PF,224.6,30.5,35.0,11.35,3.26
2011,12409,James Fredette,PG,196.0,28.0,33.0,10.42,3.21
2011,202726,Andrew Goudelock,PG,197.6,32.5,37.0,10.33,3.1
2011,202706,Jordan Hamilton,SF,228.4,25.0,32.0,11.47,3.3
2011,202712,Justin Harper,PF-SF,228.0,28.5,33.0,11.92,3.3
2011,202699,Tobias Harris,SF-PF,222.8,31.5,37.5,10.96,3.17
2011,202715,Tyler Honeycutt,SF,186.8,30.0,37.0,11.68,3.07
2011,12415,Scotty Hopson,SG,204.6,32.5,36.0,10.47,3.18
2011,202681,Kyrie Irving,PG,191.0,,,,
2011,12417,Rick Jackson,PF,241.8,28.5,33.0,11.51,3.26
2011,202724,Charles Jenkins,PG-SG,216.4,29.5,34.0,11.68,3.18
2011,202707,JaJuan Johnson,PF,219.8,33.5,38.0,11.21,3.14
2011,202709,Cory Joseph,PG,186.2,27.5,35.0,10.75,3.27
2011,202683,Enes Kanter,PF-C,259.2,26.0,32.5,11.3,3.26
2011,202688,Brandon Knight,PG,176.8,29.0,37.5,10.74,3.07
2011,202723,Malcolm Lee,SG,198.2,30.0,35.5,11.2,3.09
2011,202695,Kawhi Leonard,SF,227.4,25.5,32.0,11.45,3.15
2011,202727,Travis Leslie,SG,205.0,33.0,40.5,11.0,3.13
2011,202720,Jon Leuer,PF,223.2,29.5,36.5,10.82,3.36
2011,202732,DeAndre Liggins,SF-SG,202.2,27.0,31.0,,3.33
2011,12428,David Lighty,SG,216.2,28.5,33.0,10.81,3.25
2011,202714,Shelvin Mack,PG,209.0,32.0,39.0,11.23,3.18
2011,12430,Demetri McCamey,PG,204.0,27.0,33.0,11.55,3.19
2011,202734,E'Twaun Moore,SG,191.4,32.0,34.5,11.12,3.31
2011,202694,Marcus Morris,PF-SF,229.6,29.0,33.0,,3.15
2011,202693,Markieff Morris,PF,240.8,27.0,31.5,,3.4
2011,202721,Darius Morris,PG-SG,190.0,24.5,32.0,11.0,3.2
2011,202718,Chandler Parsons,SF,221.2,25.5,31.5,11.05,3.29
2011,12436,Jereme Richmond,SF,207.2,27.0,33.5,11.74,3.02
2011,202729,Josh Selby,SG-PG,194.6,29.5,42.0,11.13,3.2
2011,202697,Iman Shumpert,PG-SG,221.8,36.5,42.0,11.1,3.18
2011,202713,Kyle Singler,SF,228.0,23.0,30.0,11.22,3.21
2011,202698,Chris Singleton,SF,230.2,30.5,37.5,11.33,3.09
2011,12441,Jamie Skeen,PF,241.6,26.0,30.5,12.43,3.46
2011,202701,Nolan Smith,PG,187.6,28.5,34.0,11.05,3.17
2011,12442,Gregory Smith,PF-C,252.8,29.5,36.0,12.43,3.36
2011,12445,Malcolm Thomas,PF,223.0,32.0,36.5,11.31,3.29
2011,202738,Isaiah Thomas,PG,186.0,31.5,40.0,10.49,3.14
2011,202717,Trey Thompkins,PF,239.0,27.5,30.5,11.72,3.41
2011,202684,Tristan Thompson,PF,227.4,30.0,35.0,10.92,3.26
2011,202691,Klay Thompson,SG,205.6,26.5,31.5,10.99,3.24
2011,202719,Jeremy Tyler,PF-C,262.4,28.0,33.5,11.26,3.29
2011,202696,Nikola Vucevic,PF-C,259.8,23.5,25.0,12.02,3.27
2011,202689,Kemba Walker,PG,184.0,32.0,39.5,10.87,3.16
2011,202716,Jordan Williams,PF,247.2,25.0,30.5,12.74,3.45
2011,202682,Derrick Williams,PF-SF,248.4,29.0,34.5,11.03,3.23
2012,203112,Quincy Acy,PF,223.8,32.0,37.0,10.48,3.28
2012,203084,Harrison Barnes,SF-SG,227.8,38.0,39.5,10.93,3.16
2012,203115,Will Barton,SG-SF,174.4,30.0,34.0,12.5,3.6
2012,203078,Bradley Beal,SG,201.8,33.0,39.0,10.95,3.28
2012,12458,J'Covan Brown,PG,202.4,26.0,29.5,11.68,3.47
2012,203733,William Buford,SG-SF,214.6,27.5,32.5,11.4,3.43
2012,203109,Jae Crowder,SF,241.2,31.0,34.5,11.45,3.37
2012,203099,Jared Cunningham,SG-PG,187.6,,,,
2012,203076,Anthony Davis,PF-C,221.8,,,,
2012,203134,Marcus Denmon,SG,188.2,33.5,40.0,10.82,3.19
2012,203083,Andre Drummond,C,278.6,31.5,33.5,10.83,3.39
2012,203119,Kim English,SG,192.0,29.0,36.5,10.59,3.33
2012,203105,Festus Ezeli,C-PF,264.2,34.0,33.5,12.35,3.29
2012,12467,Drew Gordon,PF,239.0,29.0,34.0,11.35,3.49
2012,203254,JaMychal Green,PF,217.4,29.5,32.5,10.63,3.38
2012,203110,Draymond Green,PF-SF,235.6,28.0,33.0,11.01,3.4
2012,203090,Maurice Harkless,SF,206.6,32.5,37.0,10.87,3.25
2012,203089,John Henson,PF,216.0,25.5,30.0,,
2012,203189,Tu Holloway,PG,186.8,28.0,35.0,11.0,3.42
2012,203133,Robbie Hummel,SF,218.0,27.5,30.0,11.56,3.41
2012,203108,Bernard James,PF,229.8,30.0,32.5,11.84,3.4
2012,203098,John Jenkins,SG,212.0,30.5,36.5,11.36,3.37
2012,203111,Orlando Johnson,SG,223.8,32.0,39.5,10.98,3.25
2012,203130,Darius Johnson-Odom,SG,212.0,33.5,41.5,10.76,3.21
2012,203093,Terrence Jones,PF-SF,252.0,29.5,34.5,11.57,3.4
2012,203158,Kevin Jones,PF,251.2,27.5,32.5,11.94,3.6
2012,203103,Perry Jones,PF-SF,233.8,33.0,38.5,11.31,3.19
2012,203126,Kris Joseph,SG,215.0,28.5,35.0,,3.46
2012,203077,Michael Kidd-Gilchrist,SF,232.8,32.0,35.5,11.77,3.18
2012,203117,Doron Lamb,SG-PG,199.4,29.0,33.5,11.12,3.41
2012,203087,Jeremy Lamb,SG,179.2,31.5,38.0,10.98,3.25
2012,203086,Meyers Leonard,C,249.8,30.0,32.5,11.34,3.41
2012,203081,Damian Lillard,PG,188.8,34.5,39.5,11.15,3.34
2012,203159,Scott Machado,PG,205.8,27.0,32.5,11.26,3.3
2012,203088,Kendall Marshall,PG,198.4,31.0,37.0,12.03,3.23
2012,203097,Fab Melo,C,255.0,29.5,31.0,12.14,3.44
2012,203114,Khris Middleton,SF,216.2,28.0,31.0,11.45,3.47
2012,203121,Darius Miller,SF-SG,233.4,33.0,37.0,11.34,3.31
2012,203113,Quincy Miller,SF,218.7,30.5,36.0,11.05,3.48
2012,203183,Tony Mitchell,SG,216.4,31.5,40.0,11.72,3.47
2012,203102,Arnett Moultrie,PF,232.8,33.5,37.5,11.32,3.22
2012,203122,Kevin Murphy,SG,194.0,31.0,36.5,10.97,3.42
2012,203094,Andrew Nicholson,PF,234.0,28.5,30.5,11.89,3.67
2012,203124,Kyle O'Quinn,PF,240.8,31.5,31.5,11.65,3.53
2012,203101,Miles Plumlee,PF-C,252.4,34.0,40.5,10.64,3.36
2012,203085,Austin Rivers,SG-PG,202.8,32.5,37.5,11.54,3.32
2012,203080,Thomas Robinson,PF,244.2,28.5,35.5,11.96,3.17
2012,203082,Terrence Ross,SG-SF,196.6,31.0,37.5,11.78,3.28
2012,203107,Tomas Satoransky,PG-SG,200.6,,,,
2012,203118,Mike Scott,PF,240.8,27.0,32.5,11.59,3.44
2012,203156,Henry Sims,C-PF,241.2,26.5,29.5,12.33,3.44
2012,203096,Jared Sullinger,PF,268.2,29.5,31.0,12.77,3.81
2012,203116,Tyshawn Taylor,PG,177.0,32.0,36.5,11.48,3.2
2012,12507,Jordan Taylor,PG,192.8,33.0,36.5,10.57,3.19
2012,203106,Jeff Taylor,SF-SG,212.8,33.5,40.0,10.87,3.29
2012,203104,Marquis Teague,PG,179.8,32.5,40.5,10.65,3.19
2012,203138,Hollis Thompson,SF,206.0,28.5,36.5,11.72,3.38
2012,203079,Dion Waiters,SG,221.0,,,,
2012,203091,Royce White,PF,260.6,,,,
2012,203100,Tony Wroten,PG,203.2,30.0,35.5,10.75,3.24
2012,203092,Tyler Zeller,PF-C,247.4,30.0,34.0,11.13,3.4
2013,203500,Steven Adams,C,254.5,28.5,33.0,11.85,3.4
2013,203505,Vander Blue,SG,197.4,28.0,37.5,10.4,3.14
2013,203485,Lorenzo Brown,PG,189.2,28.0,34.0,11.78,3.4
2013,203493,Reggie Bullock,SG-SF,199.8,31.0,36.5,11.33,3.31
2013,203504,Trey Burke,PG,187.0,29.5,36.5,11.2,3.16
2013,203484,Kentavious Caldwell-Pope,SG,203.6,29.0,34.5,10.6,3.12
2013,203477,Isaiah Canaan,PG,188.4,33.0,40.5,10.98,3.22
2013,203478,Jackie Carmichael,PF,241.2,30.0,32.0,11.83,3.35
2013,203487,Michael Carter-Williams,PG,184.4,31.5,41.0,10.68,3.22
2013,12524,Will Clyburn,SF-SG,210.4,28.0,34.5,11.68,3.38
2013,203496,Robert Covington,SF-PF,208.6,29.5,36.0,11.69,3.34
2013,203459,Allen Crabbe,SG,197.4,30.5,36.0,10.67,3.32
2013,203552,Seth Curry,SG,179.2,,,,
2013,203561,Brandon Davies,PF,241.8,26.0,31.5,11.22,3.5
2013,203473,Dewayne Dedmon,C,238.8,28.0,32.5,12.75,3.4
2013,203476,Gorgui Dieng,C,229.6,,,,
2013,203516,James Ennis,SF,200.8,29.5,36.5,11.55,3.4
2013,203467,Carrick Felix,SF-SG,202.6,32.0,38.5,11.16,3.25
2013,203479,Jamaal Franklin,SG-SF,190.8,,,,
2013,203497,Rudy Gobert,C,237.6,25.0,29.0,12.85,3.57
2013,203462,Archie Goodwin,SG,189.0,30.0,36.0,10.75,3.27
2013,203475,Erick Green,PG,178.2,,,,
2013,203501,Tim Hardaway Jr.,SG,199.4,31.5,37.5,10.68,3.25
2013,203524,Solomon Hill,SF,226.0,29.5,37.5,10.77,3.19
2013,203494,Richard Howell,PF,249.6,,,,
2013,203470,Colton Iverson,C,262.8,26.5,30.0,11.52,3.52
2013,203510,Pierre Jackson,PG,176.0,,,,
2013,203511,Grant Jerrett,PF,232.0,28.5,34.0,11.85,3.51
2013,203509,Myck Kabongo,PG,180.4,27.5,33.5,10.64,3.44
2013,203483,Kenny Kadji,PF-C,241.6,34.0,38.0,11.47,3.44
2013,203527,Ryan Kelly,PF,228.0,,,,
2013,203499,Shane Larkin,PG,170.8,34.5,44.0,10.64,3.08
2013,203495,Ricky Ledo,SG,197.2,27.0,33.5,10.72,3.32
2013,203458,Alex Len,C,,,,,
2013,203466,CJ Leslie,PF-SF,209.2,32.5,40.5,10.19,3.1
2013,203522,Trevor Mbakwe,PF,235.8,30.0,36.5,12.01,3.32
2013,203492,Ray McCallum,PG,191.4,30.5,40.0,10.82,3.25
2013,203468,CJ McCollum,PG-SG,197.0,32.0,38.5,11.02,3.32
2013,203463,Ben McLemore,SG,189.2,32.5,42.0,11.87,3.27
2013,203502,Tony Mitchell,PF-SF,236.4,33.5,38.0,11.82,3.52
2013,203498,Shabazz Muhammad,SF-SG,221.8,29.5,37.0,10.99,3.32
2013,203513,Erik Murphy,PF,239.8,24.5,29.5,12.19,3.57
2013,203488,Mike Muscala,C-PF,230.2,28.0,33.5,11.76,3.44
2013,203457,Nerlens Noel,C,206.4,,,,
2013,203506,Victor Oladipo,SG,213.2,33.0,42.0,10.69,3.25
2013,203482,Kelly Olynyk,PF-C,234.0,24.5,29.5,11.42,3.59
2013,203464,Brandon Paul,SG,201.0,33.5,39.5,11.16,3.37
2013,203658,Norvel Pelle,PF-C,207.2,31.0,34.5,11.49,3.32
2013,203486,Mason Plumlee,C-PF,238.2,30.5,36.0,10.89,3.29
2013,203490,Otto Porter,SF,197.6,27.0,36.0,11.25,3.4
2013,203515,Phil Pressey,PG,177.0,33.0,38.5,10.86,3.13
2013,203318,Glen Rice,SF-SG,210.8,33.0,40.5,10.99,3.25
2013,203460,Andre Roberson,PF-SF,205.8,30.0,36.5,11.36,3.34
2013,203471,Dennis Schroder,PG,164.8,30.0,34.0,11.09,3.21
2013,203491,Peyton Siva,PG,180.6,33.5,41.5,10.59,3.16
2013,203503,Tony Snell,SF-SG,198.2,30.0,36.5,11.36,3.25
2013,203480,James Southerland,SF-PF,220.6,29.0,32.0,10.9,3.38
2013,203519,Adonis Thomas,SF,231.8,34.5,40.5,11.64,3.32
2013,203472,Deshaun Thomas,SF,219.8,28.5,32.0,12.94,3.53
2013,203481,Jeff Withey,C,221.8,26.5,29.0,12.49,3.47
2013,203489,Nate Wolters,PG,196.4,,,,
2013,203523,BJ Young,SG-PG,178.8,,,,
2013,203469,Cody Zeller,C-PF,230.0,35.5,37.5,10.82,3.15
2014,203919,Jordan Adams,SG,208.8,24.5,29.5,12.13,3.5
2014,203937,Kyle Anderson,SF,230.1,,,,
2014,203648,Thanasis Antetokounmpo,SF,205.2,31.5,39.5,11.39,3.18
2014,203947,Jordan Bachynski,PF,254.1,29.0,33.0,12.15,3.36
2014,203946,Cameron Bairstow,PF,252.4,31.0,33.5,11.39,3.37
2014,203920,Khem Birch,PF,208.8,30.5,35.5,11.6,3.26
2014,203938,Alec Brown,PF,231.2,27.0,30.0,12.05,3.48
2014,203900,Markel Brown,SG,184.4,36.5,43.5,12.62,3.18
2014,203913,Jabari Brown,SG,201.9,28.0,32.0,11.6,3.5
2014,203907,Deonte Burton,PG,192.8,29.0,39.5,11.28,3.28
2014,203902,Semaj Christon,PG,186.0,30.5,36.5,11.55,3.32
2014,203903,Jordan Clarkson,PG,186.3,33.0,38.5,10.76,3.28
2014,203905,Aaron Craft,PG,191.6,29.0,32.0,10.78,3.26
2014,203908,DeAndre Daniels,SF,196.0,26.5,32.0,11.46,3.44
2014,203915,Spencer Dinwiddie,PG,204.9,,,,
2014,203921,Cleanthony Early,SF,209.4,34.0,40.0,11.15,3.18
2014,203929,Melvin Ejim,SF,218.5,29.5,35.0,11.55,3.14
2014,203898,Tyler Ennis,PG,181.5,29.0,36.0,11.12,3.3
2014,203957,Dante Exum,SG,196.3,31.5,34.5,10.75,3.19
2014,203927,C.J. Fair,SF,218.1,27.0,35.0,11.0,3.32
2014,203932,Aaron Gordon,PF,220.1,32.5,39.0,10.81,3.27
2014,203924,Jerami Grant,SF,214.0,,,,
2014,203798,P.J. Hairston,SG,228.8,32.0,37.0,11.12,3.32
2014,203914,Gary Harris,SG,204.8,,,,
2014,203925,Joe Harris,SG,215.0,28.5,33.5,11.11,3.31
2014,203918,Rodney Hood,SF,208.2,29.0,36.0,11.21,3.38
2014,203928,Cory Jefferson,PF,218.4,33.0,37.5,12.63,3.36
2014,203910,Nick Johnson,SG,198.0,33.5,41.5,10.8,3.27
2014,203930,Sean Kilpatrick,SG,218.7,,,,
2014,203945,Alex Kirk,PF,252.0,28.5,31.5,11.2,3.48
2014,203897,Zach LaVine,PG,180.9,33.5,41.5,10.42,3.19
2014,203906,Devyn Marble,SG,192.4,29.0,35.0,11.32,3.28
2014,203949,James McAdoo,PF,227.6,29.5,34.0,11.61,3.28
2014,203909,K.J. McDaniels,SF,195.6,33.0,37.0,12.71,3.1
2014,203926,Doug McDermott,SF,218.0,28.5,36.5,11.1,3.29
2014,203895,Jordan McRae,SG,179.4,27.5,34.5,11.07,3.39
2014,203894,Shabazz Napier,PG,175.2,30.5,37.5,11.6,3.2
2014,203948,Johnny O?Bryant III,PF,256.8,31.0,35.5,11.57,3.45
2014,203934,Lamar Patterson,SG,226.0,27.5,32.5,11.63,3.45
2014,203940,Adreian Payne,PF,238.5,,,,
2014,203901,Elfrid Payton,PG,185.4,31.5,35.5,11.06,3.23
2014,203939,Dwight Powell,PF,234.4,28.5,35.0,11.28,3.2
2014,203944,Julius Randle,PF,249.7,29.0,35.5,11.45,3.27
2014,203922,Glenn Robinson III,SF,211.4,36.5,41.5,11.22,3.15
2014,203941,LaQuinton Ross,SF,238.7,25.0,31.0,11.97,3.44
2014,203935,Marcus Smart,PG,227.2,33.0,36.0,10.82,3.26
2014,203893,Russ Smith,PG,160.0,29.5,34.0,11.57,3.27
2014,203917,Nik Stauskas,SG,206.9,29.0,35.5,10.79,3.27
2014,203950,Jarnell Stokes,PF,262.8,31.0,36.0,11.92,3.26
2014,203904,Xavier Thames,PG,187.0,29.0,32.5,11.48,3.48
2014,203943,Noah Vonleh,PF,247.1,31.0,37.0,11.45,3.28
2014,203933,T.J. Warren,SF,220.2,27.0,35.5,11.1,3.26
2014,203912,C.J. Wilcox,SG,201.0,31.0,37.5,11.3,3.22
2014,203899,Kendall Williams,PG,183.0,27.0,33.0,10.83,
2014,203942,Patric Young,PF,246.8,32.0,37.5,11.18,3.43
2014,203923,James Young,SG,213.3,28.0,35.5,,
2015,1626146,Cliff Alexander,PF-C,239.2,,,,
2015,1626147,Justin Anderson,SF-SG,230.6,38.0,43.0,11.13,3.22
2015,1626165,Brandon Ashley,PF,228.0,31.5,35.5,11.21,3.58
2015,1626207,Ryan Boatright,PG,169.6,32.0,41.0,10.71,3.26
2015,1626164,Devin Booker,SG,205.8,27.5,34.5,10.27,3.28
2015,1626148,Anthony Brown,SF-SG,211.0,27.5,34.5,10.94,3.18
2015,1626161,Willie Cauley-Stein,C,242.4,,,,
2015,1626176,Rakeem Christmas,PF-C,242.6,29.0,32.0,11.6,3.47
2015,1626192,Pat Connaughton,SG,215.0,37.5,44.0,10.58,3.2
2015,1626188,Quinn Cook,PG,179.0,24.5,31.0,11.44,3.38
2015,1626183,Branden Dawson,PF,230.2,28.5,34.5,12.22,3.2
2015,1626155,Sam Dekker,SF,218.6,25.5,34.5,10.64,3.28
2015,1626187,Michael Frazier II,SG,199.4,27.0,35.0,10.66,3.32
2015,1626203,Treveon Graham,SF,219.4,28.5,31.5,11.64,3.3
2015,1626170,Jerian Grant,PG,198.0,,,,
2015,1626152,Olivier Hanlan,PG-SG,185.8,28.0,34.0,11.41,3.25
2015,1626149,Montrezl Harrell,PF,253.4,,,,
2015,1626150,Andrew Harrison,PG,213.2,26.5,33.0,11.2,3.34
2015,1626151,Aaron Harrison,SG,209.2,28.5,34.5,,3.27
2015,1626227,Tyler Harvey,SG,181.4,26.0,28.5,10.56,3.44
2015,1626186,Corey Hawkins,SG-PG,191.8,28.5,34.0,10.81,3.51
2015,1626178,Rondae Hollis-Jefferson,SF,210.8,32.0,38.0,10.41,3.12
2015,1626158,Richaun Holmes,PF,242.8,32.5,36.0,11.24,3.32
2015,1626182,Jonathan Holmes,PF-SF,242.2,25.5,31.0,10.95,3.51
2015,1626154,R.J. Hunter,SG,185.0,27.5,33.5,10.87,3.26
2015,1626205,Vince Hunter,PF,208.4,33.5,37.5,11.19,3.26
2015,1626177,Dakari Johnson,C,264.6,22.5,25.0,11.76,3.62
2015,1626169,Stanley Johnson,SF,241.8,,,,
2015,1626145,Tyus Jones,PG,184.6,26.5,32.5,11.84,3.32
2015,1626163,Frank Kaminsky,C-PF,231.2,,,,
2015,1626172,Kevon Looney,PF,222.4,,,,
2015,1626168,Trey Lyles,PF,241.2,,,,
2015,1626185,Jarell Martin,PF,238.6,28.5,35.0,11.2,3.27
2015,204456,TJ McConnell,PG,187.8,26.0,31.5,10.95,3.3
2015,1626191,Chris McCullough,PF,199.0,,,,
2015,1626175,Jordan Mickey,PF,238.0,33.0,37.5,11.72,3.28
2015,2006,Larry Nance,PF,226.6,29.0,37.5,10.93,3.25
2015,1626162,Kelly Oubre,SF-SG,202.8,34.5,37.0,11.09,3.32
2015,1626166,Cameron Payne,PG,182.8,29.75,35.5,10.9,3.28
2015,1626189,Terran Petteway,SG,209.2,25.0,31.0,10.91,3.32
2015,1626171,Bobby Portis,PF,246.2,25.0,31.5,11.78,3.56
2015,1626181,Norman Powell,SG,215.4,32.5,40.5,10.69,3.2
2015,1626180,Michael Qualls,SG-SF,201.4,34.0,39.5,11.88,3.18
2015,1626184,Chasson Randle,PG,178.8,33.5,39.5,10.63,3.2
2015,1626179,Terry Rozier,PG-SG,190.2,33.0,38.0,10.84,3.15
2015,1626156,D?Angelo Russell,PG-SG,193.4,,,,
2015,1626208,Keifer Sykes,PG,167.2,34.0,43.0,10.47,3.13
2015,1626194,Marcus Thornton,PG-SG,177.4,34.5,43.0,10.78,3.02
2015,1626160,J.P. Tokoto,SF-SG,195.8,34.5,40.0,10.97,3.27
2015,1626167,Myles Turner,C-PF,238.6,,,,
2015,1626193,Robert Upshaw,C,258.2,,,,
2015,1626173,Rashad Vaughn,SG,198.6,28.0,34.0,11.4,3.21
2015,1626217,Chris Walker,PF,208.0,30.5,37.0,11.25,3.35
2015,1627361,Dez Wells,SG,208.8,31.5,39.0,10.56,3.2
2015,1626210,Alan Williams,PF,261.4,25.5,28.5,12.26,3.5
2015,1626159,Justise Winslow,SF,221.8,,,,
2015,1626174,Christian Wood,PF,216.0,,,,
2015,1626153,Delon Wright,PG,181.4,29.5,31.0,11.16,3.29
2017,1628389,Edrice Adebayo,PF-C,242.6,33.5,38.5,11.94,3.24
2017,1628959,Rawle Alkins,SG-SF,222.6,31.5,40.5,11.99,3.3
2017,1628386,Jarrett Allen,C,233.6,31.5,35.5,11.82,3.21
2017,1628443,Kadeem Allen,PG,192.4,33.0,35.5,11.24,3.15
2017,1628387,Ike Anigbogu,C,252.2,29.5,32.5,12.52,3.44
2017,1628384,OG Anunoby,SF,232.4,,,,
2017,1628503,Jamel Artis,SG-SF,213.2,23.5,31.0,11.62,3.44
2017,1628407,Dwayne Bacon,SG-SF,221.6,30.0,36.5,11.7,3.22
2017,1628431,V.J. Beachem,SG-SF,193.4,30.0,37.0,11.18,3.26
2017,1628395,Jordan Bell,PF,223.6,31.5,38.0,10.63,3.21
2017,1628417,Jaron Blossomgame,SF,218.6,31.0,35.5,11.47,3.17
2017,1628449,Chris Boucher,PF,182.2,,,,
2017,1628396,Tony Bradley,C,248.8,24.5,27.5,11.79,3.44
2017,1628515,Isaiah Briscoe,PG,222.4,28.0,33.5,10.95,3.38
2017,1628415,Dillon Brooks,SG-SF,220.2,31.0,37.5,11.14,3.21
2017,1628418,Thomas Bryant,PF-C,247.8,25.5,33.0,11.42,3.37
2017,1628380,Zach Collins,PF-C,232.2,,,,
2017,1628381,John Collins,PF,225.2,33.0,37.5,11.66,3.27
2017,1628977,Hamidou Diallo,SG-SF,197.4,34.5,44.5,10.88,3.11
2017,1628416,Tyler Dorsey,SG,182.6,30.5,36.0,10.55,3.16
2017,1628422,Damyean Dotson,SG-SF,205.2,31.5,38.0,11.18,3.13
2017,1628408,PJ Dozier,SG,200.6,34.0,39.0,10.84,3.15
2017,1628393,Jawun Evans,PG,185.2,27.5,33.5,11.34,3.21
2017,1628390,Terrance Ferguson,SG-SF,184.4,28.5,38.0,11.16,3.32
2017,1628368,De?Aaron Fox,PG,169.6,,,,
2017,1628365,Markelle Fultz,PG,,,,,
2017,1628385,Harry Giles,PF,232.0,27.0,32.5,11.08,3.34
2017,1628404,Josh Hart,SG-SF,209.2,27.5,35.5,11.15,3.18
2017,1628502,Nigel Hayes,PF,254.2,29.0,33.5,11.81,3.27
2017,1628439,Isaiah Hicks,PF,233.4,31.5,37.0,12.31,3.36
2017,1628411,Wesley Iwundu,SG-SF,193.4,31.5,36.0,11.25,3.36
2017,1628402,Frank Jackson,PG,201.6,34.5,42.0,10.94,3.14
2017,1628992,Justin Jackson (UMD),SF,219.4,26.5,31.5,11.78,3.43
2017,1628382,Justin Jackson (UNC),SF,200.8,29.5,35.5,10.8,3.3
2017,1628514,Peter Jok,SG-SF,202.4,26.5,31.0,11.34,3.41
2017,1628379,Luke Kennard,SG-SF,196.2,,,,
2017,1628398,Kyle Kuzma,SF-SG,222.6,27.0,34.0,10.72,3.25
2017,1628388,TJ Leaf,PF,222.2,29.0,34.5,11.55,3.27
2017,1628399,Tyler Lydon,PF,215.0,29.5,33.5,11.68,3.46
2017,1628412,Frank Mason III,PG,188.8,34.0,41.0,11.41,3.18
2017,1628452,Kennedy Meeks,C,276.6,28.0,30.5,12.91,3.5
2017,1628378,Donovan Mitchell,SG,211.4,36.5,40.5,11.53,3.01
2017,1628420,Monte Morris,PG,175.2,28.0,33.5,11.0,3.19
2017,1628405,Johnathan Motley,PF,238.2,,,,
2017,1629004,Svi Mykhailiuk,SG-SF,219.6,27.0,33.0,12.4,3.53
2017,1628400,Semi Ojeleye,SF-SG,241.4,35.0,40.5,10.58,3.16
2017,1628419,Cameron Oliver,PF,238.6,28.0,39.5,12.17,3.16
2017,1628383,Justin Patton,C,229.0,26.0,30.5,11.8,3.46
2017,1628409,Alec Peters,PF,232.0,,,,
2017,1628397,Ivan Rabb,PF,219.6,28.5,32.5,12.68,3.35
2017,1628432,Davon Reed,SG-SF,206.2,28.5,36.0,11.37,3.34
2017,1628421,Devin Robinson,SF,189.6,35.5,41.5,12.85,3.23
2017,1628424,Kobi Simmons,PG,166.2,30.5,38.5,11.15,3.18
2017,1628410,Edmond Sumner,PG,176.4,,,,
2017,1628403,Caleb Swanigan,PF,245.6,,,,
2017,1628414,Sindarius Thornwell,SG-SF,211.6,27.0,30.5,11.48,3.36
2017,1628453,Melo Trimble,PG,195.2,24.5,32.0,10.75,3.27
2017,1629021,Moritz Wagner,PF,231.2,25.5,32.5,12.0,3.35
2017,1628476,Derrick Walton Jr.,PG,188.6,26.0,32.5,11.28,3.29
2017,1629118,Thomas Welsh,PF-C,254.0,,,,
2017,1628401,Derrick White,PG,189.8,31.0,36.5,10.84,3.08
2017,1628430,Nigel Williams-Goss,PG,190.2,27.5,34.5,10.42,3.19
2017,1628391,D.J. Wilson,PF,234.4,,,,
2017,1962937123,Omer Yurtseven,C,248.4,26.0,31.5,12.85,3.45
2018,1628959,Rawle Alkins,SG,217.4,32.5,40.5,11.5,3.15
2018,1628960,Grayson Allen,SG,198.0,32.5,40.5,10.31,3.15
2018,1628961,Kostas Antetokounmpo,PF,194.8,29.5,35.0,12.48,3.21
2018,1628962,Udoka Azubuike,C,273.8,31.0,31.5,12.97,3.12
2018,1628964,Mohamed Bamba,C,225.6,,,,
2018,1628965,Jaylen Barford,PG-SG,207.6,27.0,33.0,11.39,3.31
2018,1628966,Keita Bates-Diop,SG-SF,223.8,30.5,35.0,11.2,3.17
2018,1628967,Tyus Battle,SG,200.2,32.0,37.5,11.04,3.07
2018,1628968,Brian Bowen,SG-SF,202.0,30.5,34.0,11.58,3.28
2018,1628970,Miles Bridges,SF,220.4,,,,
2018,1628971,Bruce Brown,SG-PG,194.6,32.5,38.0,11.11,3.2
2018,1628972,Troy Brown,SF,208.0,26.0,33.0,11.51,3.33
2018,1628973,Jalen Brunson,PG,198.4,29.0,37.0,10.59,3.15
2018,1628974,Tony Carr,PG,198.8,25.0,31.5,11.89,3.17
2018,1628975,Jevon Carter,PG,196.2,29.0,36.5,11.04,3.18
2018,1628976,Wendell Carter,C-PF,251.4,,,,
2018,1628978,Donte DiVincenzo,SG,200.6,34.5,42.0,10.72,3.11
2018,1628977,Hamidou Diallo,SG,197.0,32.5,40.5,10.53,3.1
2018,1628979,Trevon Duval,PG,191.0,34.0,41.5,10.93,3.18
2018,1629035,Carsen Edwards,PG,195.6,28.5,34.5,11.59,3.2
2018,1629037,Keenan Evans,PG,183.2,,,,
2018,1628980,Jacob Evans,SG-SF,199.6,28.0,35.5,11.11,3.2
2018,1628981,Bruno Fernando,C,233.2,29.0,35.0,12.19,3.23
2018,1628982,Melvin Frazier,SF-SG,198.2,31.0,40.5,11.24,3.08
2018,1628983,Shai Gilgeous-Alexander,PG,180.0,,,,
2018,1628984,Devonte Graham,PG,186.4,31.0,37.0,11.28,3.21
2018,1629036,Isaac Haas,C,303.0,,,,
2018,1628985,Devon Hall,SG,206.4,25.0,31.0,10.95,3.27
2018,1628986,Jaylen Hands,PG,179.0,31.5,39.5,12.11,3.13
2018,1628987,Kevin Hervey,PF,211.6,27.5,32.0,11.28,3.36
2018,1628988,Aaron Holiday,PG,187.0,25.5,33.0,10.96,3.27
2018,1628989,Kevin Huerter,SG,194.0,31.0,38.0,10.89,3.09
2018,1628991,Jaren Jackson,PF-C,236.0,,,,
2018,1628992,Justin Jackson,PF,229.4,,,,
2018,1628993,Alize Johnson,PF,216.6,25.0,31.0,11.83,3.38
2018,1628994,George King,SF-SG,218.6,31.0,39.0,10.75,3.29
2018,1628995,Kevin Knox,SF,212.6,,,,
2018,1628996,Sagaba Konate,C,246.0,31.5,35.0,12.28,3.28
2018,1628997,Caleb Martin,SF-SG,195.8,29.0,36.5,10.43,3.26
2018,1628998,Cody Martin,SG-SF,188.6,29.0,36.5,10.64,3.09
2018,1628999,Yante Maten,PF-C,246.2,27.0,31.5,11.35,3.17
2018,1629000,Brandon McCoy,C,250.4,27.5,32.0,11.77,3.23
2018,1629001,DeAnthony Melton,SG-PG,193.2,31.0,36.5,11.48,3.23
2018,1629002,Chimezie Metu,PF-C,219.6,29.5,36.0,11.89,3.33
2018,1629003,Shake Milton,SG-PG,207.2,30.0,33.0,11.07,3.25
2018,1629004,Sviatoslav Mykhailiuk,SG-SF,211.6,30.5,37.0,11.25,3.15
2018,1629005,Malik Newman,SG,189.2,27.5,33.5,10.9,3.13
2018,1629006,Josh Okogie,SG,210.8,33.0,42.0,11.08,3.04
2018,1629033,Theo Pinson,SG-SF,211.2,27.0,34.0,11.53,3.22
2018,1629007,Jontay Porter,C-PF,236.0,25.5,31.0,11.9,3.4
2018,1629008,Michael Porter,SF-PF,211.0,,,,
2018,1629009,Billy Preston,PF,222.4,25.0,33.0,11.26,3.2
2018,1629010,Jerome Robinson,SG,188.4,,,,
2018,1629012,Collin Sexton,PG,183.0,,,,
2018,1629013,Landry Shamet,PG,188.6,31.0,39.5,11.26,3.11
2018,1629014,Anfernee Simons,SG-PG,183.2,32.0,41.5,11.27,3.1
2018,1629015,Zhaire Smith,SF-SG,198.6,33.0,41.5,11.02,3.05
2018,1629034,Ray Spalding,PF,215.4,26.0,32.0,11.48,3.34
2018,1629016,Omari Spellman,PF-C,253.8,28.5,35.5,12.28,3.38
2018,1629017,Khyri Thomas,SG,198.8,30.0,35.0,10.96,3.18
2018,1629018,Gary Trent,SG,204.2,33.5,39.5,11.37,3.12
2018,1629019,Allonzo Trier,SG,198.0,32.0,40.0,11.02,3.14
2018,1629021,Moritz Wagner,C-PF,241.4,27.0,34.0,11.48,3.18
2018,1629022,Lonnie Walker,SG,196.2,31.5,40.0,10.87,3.06
2018,1629023,PJ Washington,PF,223.0,27.0,34.0,11.39,3.2
2018,1629024,Austin Wiley,C,249.4,28.0,33.5,12.79,3.3
2018,1629025,Kris Wilkes,SF,205.0,28.0,35.5,11.29,3.24
2018,1629026,Kenrich Williams,SF,200.4,28.0,33.0,10.86,3.19
2018,1629027,Trae Young,PG,177.8,,,,
2019,1629638,Nickeil Alexander-Walker,SG,203.8,,,,
2019,1629628,RJ Barrett,SF,,,,,
2019,1629646,Charles Bassey,C,239.0,29.0,33.0,12.65,3.53
2019,1629647,Darius Bazley,PF,208.4,30.5,37.0,11.09,3.27
2019,1629626,Bol Bol,C,208.0,,,,
2019,1629648,Jordan Bone,SG,179.0,36.0,42.5,9.97,3.08
2019,1628968,Brian Bowen II,SF,200.0,32.0,35.5,10.98,3.26
2019,1629065,Ky Bowman,PG,181.2,27.5,33.0,11.11,3.26
2019,1629649,Ignas Brazdeikis,SF,220.8,31.0,36.5,11.06,3.36
2019,1629052,O'Shae Brissett,SF-PF,203.2,34.0,37.5,11.3,3.48
2019,1629650,Moses Brown,C,237.2,27.0,31.0,11.95,3.51
2019,1629634,Brandon Clarke,SF,207.2,34.0,40.5,10.61,3.15
2019,1629651,Nicolas Claxton,C,216.6,31.5,36.5,11.26,3.36
2019,1629076,Tyler Cook,PF,245.4,27.5,32.0,11.32,3.28
2019,1629633,Jarrett Culver,SG,194.2,,,,
2019,1629056,Terence Davis,SG,192.4,29.5,34.0,10.69,3.28
2019,1629652,Luguentz Dort,PG,222.2,32.5,38.0,10.79,3.22
2019,1629653,Devon Dotson,PG,178.6,30.0,38.5,10.63,3.04
2019,1629654,Carsen Edwards,PG,199.4,28.5,34.0,10.53,3.22
2019,1629605,Tacko Fall,C,288.8,22.0,26.5,13.01,3.78
2019,1628981,Bruno Fernando,C,237.0,29.5,33.5,11.29,3.21
2019,1629655,Daniel Gafford,PF,237.6,32.5,36.5,11.61,3.25
2019,1629636,Darius Garland,PG,,,,,
2019,1629656,Quentin Grimes,SG,209.6,27.5,36.0,10.83,3.2
2019,1629657,Kyle Guy,SG,167.8,30.5,36.5,10.48,3.27
2019,1628986,Jaylen Hands,PG,180.4,33.0,41.5,10.73,3.12
2019,1629607,Jared Harper,PG,169.2,33.5,40.5,10.77,3.04
2019,1629637,Jaxson Hayes,PF,218.6,27.0,34.5,11.74,3.37
2019,1629608,Dewan Hernandez,C,232.8,30.5,35.5,11.46,3.28
2019,1629639,Tyler Herro,SG,192.4,,,,
2019,1629658,Jalen Hoard,PF,212.6,27.5,35.5,11.44,3.34
2019,1629659,Talen Horton-Tucker,SG,235.4,26.0,34.5,11.34,3.34
2019,1629631,De'Andre Hunter,,,,,,
2019,1629610,DaQuan Jeffries,SF-PF,215.6,,,,
2019,1629660,Ty Jerome,PG,194.4,26.0,31.5,11.21,3.4
2019,1629640,Keldon Johnson,SG,216.4,,,,
2019,1629661,Cameron Johnson,SG,205.2,30.5,36.5,10.52,3.26
2019,1629662,Mfiondu Kabengele,PF,256.2,28.0,35.5,11.21,3.25
2019,1629663,Louis King,SF,195.2,29.0,33.0,10.99,3.28
2019,1629641,Romeo Langford,SG,,,,,
2019,1629664,Dedric Lawson,PF,233.0,23.5,26.0,11.8,3.6
2019,1629665,Jalen Lecque,PG,185.2,35.0,43.0,11.09,3.29
2019,1629642,Nassir Little,SF,224.2,31.0,38.5,12.15,3.24
2019,1629611,Terance Mann,SG-SF,204.6,32.5,38.5,11.51,3.3
2019,1628998,Cody Martin,PG-SG,192.2,28.0,35.5,10.44,3.32
2019,1629666,Charles Matthews,SG,194.8,29.5,37.5,11.26,3.38
2019,1629667,Jalen McDaniels,SF,191.6,29.5,33.5,11.54,3.32
2019,1629630,Ja Morant,PG,,,,,
2019,1629668,Zach Norvell Jr.,SG,206.4,24.0,30.0,11.6,3.43
2019,1629669,Jaylen Nowell,SG,202.4,32.0,38.5,10.76,3.23
2019,1629670,Jordan Nwora,PF,220.0,,,,
2019,1629643,Chuma Okeke,,,,,,
2019,1629644,KZ Okpala,SF,209.6,30.5,37.0,10.88,3.38
2019,1629671,Miye Oni,SG,205.6,30.5,38.5,11.71,3.17
2019,1629672,Eric Paschall,SF,254.4,33.0,38.0,11.63,3.3
2019,1629617,Reggie Perry,SF-PF,250.8,28.5,31.5,12.46,3.3
2019,1629044,Shamorie Ponds,PG,180.0,29.0,37.0,11.01,3.2
2019,1629673,Jordan Poole,SG,190.8,28.0,35.5,10.59,3.27
2019,1629007,Jontay Porter,PF,210.4,,,,
2019,1629645,Kevin Porter Jr.,SG,212.6,27.0,34.0,10.82,3.14
2019,1629674,Neemias Queta,C,225.8,24.0,32.5,12.04,3.73
2019,1629629,Cameron Reddish,SF,207.8,,,,
2019,1629675,Naz Reid,PF,255.8,26.0,32.5,12.03,3.42
2019,1629676,Isaiah Roby,PF,214.0,32.5,35.5,10.63,3.25
2019,1629677,Luka Samanic,PF,227.2,27.0,38.0,11.01,3.27
2019,1629678,Admiral Schofield,SF,240.6,30.0,34.0,10.77,3.37
2019,1629621,Marial Shayok,SF-PF,196.8,29.5,36.5,11.16,3.37
2019,1629679,Simisola Shittu,PF,227.2,27.0,35.5,11.85,3.3
2019,1629681,Killian Tillie,,,,,,
2019,1629023,P.J. Washington,PF,230.4,,,,
2019,1629682,Tremont Waters,PG,172.4,30.5,40.5,10.76,3.07
2019,1629683,Quinndary Weatherspoon,SG,206.6,31.0,38.0,11.57,3.16
2019,1629632,Coby White,PG,191.4,,,,
2019,1629025,Kris Wilkes,SF,208.8,27.5,35.0,10.39,3.34
2019,1629684,Grant Williams,PF,240.2,26.0,31.5,10.83,3.33
2019,1629627,Zion Williamson,PF,,,,,
2019,1629685,Dylan Windler,SF,195.8,29.0,37.5,10.7,3.3
2020,1630173,Precious Achiuwa,PF,234.0,,,,
2020,1630234,Ty-Shon Alexander,SG,200.8,28.0,33.0,11.33,3.26
2020,1628962,Udoka Azubuike,C,259.5,37.0,41.0,11.82,3.23
2020,1630189,Tyler Bey,PF,212.8,37.0,43.5,11.35,3.17
2020,1630213,Yoeli Childs,PF,226.4,34.0,38.5,10.87,3.22
2020,1629603,Mamadi Diakite,PF,222.1,28.0,37.0,11.95,3.16
2020,1629653,Devon Dotson,PG,185.2,31.5,40.5,10.44,3.02
2020,1630220,Paul Eboua,SF-PF,222.2,33.0,35.5,10.79,3.19
2020,1629604,CJ Elleby,SG-SF,198.6,30.5,36.5,11.25,3.25
2020,1630235,Trent Forrest,PG,203.0,28.0,34.5,11.04,3.18
2020,1630182,Josh Green,SG-SF,214.0,30.5,39.5,10.64,3.12
2020,1630204,Ashton Hagans,PG,193.0,29.5,36.5,10.82,3.13
2020,1630221,Joshua Hall,SF,196.6,31.5,37.5,12.16,3.38
2020,1630223,Jalen Harris,SG,193.4,37.5,42.5,10.59,3.11
2020,1630210,Markus Howard,PG,170.8,30.5,35.5,11.21,3.11
2020,1630190,Elijah Hughes,SF-SG,229.0,,,,
2020,1630198,Isaiah Joe,SG,170.4,,,,
2020,1630222,Mason Jones,SG,207.2,24.0,31.0,10.6,3.33
2020,1630233,Nathan Knight,PF-C,235.0,23.0,31.5,11.56,3.31
2020,1630177,Theo Maledon,PG,187.4,,,,
2020,1630211,Karim Mane,PG-SG,196.0,31.0,36.0,11.52,3.04
2020,1630230,Naji Marshall,SF,233.5,28.5,35.0,11.77,3.37
2020,1630231,Kenyon Martin Jr.,SF-PF,213.2,31.5,38.5,11.93,3.16
2020,1630219,Skylar Mays,SG,204.0,29.0,37.5,10.65,3.3
2020,1630192,Zeke Nnaji,PF-C,246.8,33.0,38.0,10.94,3.2
2020,1629670,Jordan Nwora,SF-PF,223.0,29.0,35.0,11.29,3.43
2020,1629617,Reggie Perry,PF-C,249.6,30.0,33.5,11.26,3.25
2020,1629619,Myles Powell,PG-SG,194.0,,,,
2020,1630193,Immanuel Quickley,SG,185.8,29.5,35.5,11.21,3.17
2020,1630186,Jahmi'us Ramsey,SG,193.4,,,,
2020,1630194,Paul Reed Jr.,PF,219.2,26.5,37.5,12.29,3.45
2020,1630208,Nick Richards,C,241.6,30.0,34.0,11.42,3.25
2020,1630203,Grant Riller,PG-SG,178.4,32.5,39.5,11.17,3.07
2020,1630206,Jayden Scrubb,SG-SF,185.2,,,,
2020,1630188,Jalen Smith,PF-C,224.6,,,,
2020,1630199,Cassius Stanley,SG,201.6,34.5,44.0,11.4,3.09
2020,1630205,Lamar Stevens,SF-PF,228.0,35.0,41.0,10.35,3.2
2020,1630191,Isaiah Stewart,C,243.0,,,,
2020,1630179,Tyrell Terry,PG,170.0,30.0,34.0,10.78,3.28
2020,1629681,Killian Tillie,PF,221.6,27.5,32.0,11.6,3.4
2020,1630214,Xavier Tillman Sr.,PF-C,266.5,26.0,32.5,11.8,3.49
2020,1629700,Kaleb Wesson,C,252.6,21.5,27.0,11.73,3.6
2020,1630232,Kahlil Whitney,SF,205.0,29.0,39.0,11.17,3.28
2020,1630216,Cassius Winston,PG,196.0,24.0,28.0,11.15,3.61
2020,1630218,Robert Woodard II,SF,230.2,32.0,38.0,11.1,3.18
2022,1630534,Ochai Agbaji,SG,216.8,32.0,39.0,10.77,3.13
2022,1631116,Patrick Baldwin Jr.,SF,230.8,23.5,26.5,12.25,3.45
2022,1631094,Paolo Banchero,PF,,,,,
2022,1631230,Dominick Barlow,PF,221.0,28.5,34.0,11.29,3.33
2022,1630699,MarJon Beauchamp,SG,196.6,,,,
2022,1630656,Hugo Besson,SG,180.4,24.5,31.5,11.36,3.4
2022,1631103,Malaki Branham,SG,194.8,29.0,35.0,11.38,3.17
2022,1631128,Christian Braun,SG,209.2,33.5,40.0,11.0,3.16
2022,1631112,Kendall Brown,SF,201.2,31.5,41.0,11.57,3.29
2022,1631219,John Butler Jr.,PF,174.4,26.5,28.5,11.16,3.33
2022,1630577,Julian Champagnie,SF,212.4,28.5,34.5,11.39,3.14
2022,1631113,Kennedy Chandler,PG,172.2,31.0,41.5,10.73,
2022,1631108,Max Christie,SG,189.2,32.0,37.5,10.82,3.07
2022,1630594,Kofi Cockburn,C,293.0,29.5,32.5,12.11,3.33
2022,1630700,Dyson Daniels,SG,195.2,29.0,34.0,10.81,3.22
2022,1631098,Johnny Davis,PG,196.4,,,,
2022,1631120,JD Davison,PG,191.8,30.0,37.0,11.38,3.26
2022,1630620,Darius Days,SF-PF,,,,,
2022,1631217,Moussa Diabate,C,216.6,29.0,36.5,11.16,3.26
2022,1631172,Ousmane Dieng,SF,,,,,
2022,1631215,Khalifa Diop,C,,,,,
2022,1631105,Jalen Duren,C,,,,,
2022,1631106,Tari Eason,PF,217.4,,,,
2022,1631165,Keon Ellis,SG,167.4,28.0,35.5,10.87,3.18
2022,1630701,Michael Foster Jr.,C,236.6,28.0,32.5,11.49,3.22
2022,1631221,Collin Gillespie,PG,195.8,26.5,33.0,10.95,3.21
2022,1631100,AJ Griffin,SF,,,,,
2022,1630702,Jaden Hardy,SG,,,,,
2022,1631199,Ron Harper Jr.,SF,240.4,26.0,30.5,11.41,3.4
2022,1631096,Chet Holmgren,PF,,,,,
2022,1631127,Harrison Ingram,SF,232.8,29.5,35.0,11.83,3.31
2022,1631093,Jaden Ivey,PG,,,,,
2022,1631218,Trayce Jackson-Davis,C,,,,,
2022,1631107,Nikola Jovic,SF,222.6,,,,
2022,1630548,Johnny Juzang,SG,208.6,27.5,32.5,11.03,3.29
2022,1631130,Ismael Kamagate,PF,,,,,
2022,1631211,Trevor Keels,SG,223.8,24.5,31.0,11.33,3.27
2022,1631117,Walker Kessler,C,256.0,,,,
2022,1631132,Christian Koloko,C,221.0,28.0,33.5,11.3,3.27
2022,1631222,Jake LaRavia,PF,227.2,27.5,34.0,10.58,3.37
2022,1631171,Justin Lewis,PF,235.4,32.5,35.0,11.49,3.23
2022,1630604,E.J. Liddell,PF,243.0,35.5,38.0,11.11,3.26
2022,1631254,Kenneth Lofton Jr.,PF-C,,,,,
2022,1631213,Tyrese Martin,SG-SF,,,,,
2022,1631097,Bennedict Mathurin,SG,204.6,,,,
2022,1630571,Matthew Mayer,SF,216.4,25.5,31.5,10.74,3.39
2022,1631121,Bryce McGowens,SG,181.2,29.5,34.0,11.12,3.27
2022,1631159,Leonard Miller,SF,211.0,30.0,36.5,11.11,3.36
2022,1631125,Josh Minnott,PF,,,,,
2022,1631198,Aminu Mohammed,SG-SF,212.8,29.5,36.0,11.54,3.33
2022,1631129,Iverson Molinar,PG,183.2,31.0,38.0,11.23,3.19
2022,1631168,Jean Montero,PG,171.8,29.5,37.0,11.19,3.17
2022,1631111,Wendell Moore,SG,217.2,32.5,38.5,10.94,3.3
2022,1631099,Keegan Murray,PF,,,,,
2022,1629614,Andrew Nembhard,PG,195.6,26.5,35.0,10.46,3.26
2022,1630590,Scotty Pippen Jr.,PG,180.0,30.5,37.5,11.07,3.21
2022,1630629,Gabriele Procida,SG-SF,192.8,29.5,35.0,11.02,3.07
2022,1631197,Jared Rhoden,SG-SF,,,,,
2022,1631115,Orlando Robinson,C,244.4,23.0,27.5,11.4,3.55
2022,1631223,David Roddy,PF,260.8,27.0,35.5,10.75,3.22
2022,1631157,Ryan Rollins,SG,179.2,30.5,36.5,11.26,3.07
2022,1631204,Marcus Sasser,PG,,,,,
2022,1631220,Dereon Seabron,SG,182.4,30.5,38.0,11.03,3.12
2022,1631101,Shaedon Sharpe,SG,198.0,,,,
2022,1631173,Terquavion Smith,SG,165.2,30.5,38.5,10.63,3.14
2022,1631095,Jabari Smith,PF,,,,,
2022,1631110,Jeremy Sochan,PF,,,,,
2022,1631164,Matteo Spagnolo,PG,196.2,25.5,31.5,11.42,3.4
2022,1631124,Julian Strawther,SF,207.6,28.5,35.0,10.3,3.26
2022,1631207,Dalen Terry,SG,195.2,,,,
2022,1631166,Drew Timme,C,231.6,25.5,31.5,11.71,3.38
2022,1631133,Jabari Walker,PF,213.8,29.5,32.5,11.53,3.24
2022,1631102,TyTy Washington Jr.,SG,196.4,,,,
2022,1631212,Peyton Watson,SF,203.4,28.0,33.5,11.03,3.28
2022,1631104,Blake Wesley,SG,187.2,30.0,36.0,11.55,3.21
2022,1631214,Alondes Williams,SG,209.0,30.0,35.5,10.96,3.15
2022,1631114,Jalen Williams,SG,209.2,33.5,39.0,11.13,3.11
2022,1631119,Jaylin Williams,C,236.6,24.5,30.0,11.64,3.5
2022,1630652,Trevion Williams,C,264.6,27.5,30.0,12.75,3.48
2022,1631258,Bryson Williams,PF-C,,,,,
2022,1631109,Mark Williams,C,242.4,,,,
2022,1630592,Jalen Wilson,SF-PF,,,,,
2022,1630855,Fanbo Zeng,SF-PF,,,,,
2023,1641725,Trey Alexander,SG,184.6,29.5,34.0,11.6,3.35
2023,1641735,Amari Bailey,SG,190.8,28.5,35.0,11.34,3.19
2023,1641734,Emoni Bates,SF,179.2,27.0,32.5,11.54,3.49
2023,1641736,Reece Beekman,PG,190.6,30.5,38.0,10.99,3.14
2023,1641710,Anthony Black,PG,210.0,32.0,39.0,11.04,3.35
2023,1641737,Adem Bona,C,243.4,,,,
2023,1641738,Kobe Brown,PF,252.2,28.5,32.0,11.39,3.33
2023,1641723,Kobe Bufkin,SG,186.8,29.0,36.0,11.71,3.26
2023,1641739,Toumani Camara,PF,220.4,28.5,33.0,10.7,3.41
2023,1631321,Sidy Cissoko,SF,223.8,30.5,35.5,11.24,3.31
2023,1641740,Jaylen Clark,SG,204.2,,,,
2023,1641730,Noah Clowney,PF,,,,,
2023,1641731,Bilal Coulibaly,SG-SF,,,,,
2023,1641741,Ricky Council IV,SF,208.0,30.5,37.0,11.2,3.33
2023,1641711,Gradey Dick,SG,204.0,29.0,34.0,11.13,3.5
2023,1641743,Nikola Djurisic,SF,217.6,,,,
2023,1641744,Zach Edey,C,306.4,26.0,29.5,11.37,3.45
2023,1641745,Adam Flagler,PG,191.8,31.0,36.0,10.96,3.24
2023,1641718,Keyonte George,SG,,,,,
2023,1631243,Mouhamed Gueye,C,212.6,,,,
2023,1641722,Jordan Hawkins,SG,186.0,,,,
2023,1641746,Coleman Hawkins,PF,224.4,26.5,32.5,12.14,3.37
2023,1630703,Scoot Henderson,PG,,,,,
2023,1641707,Taylor Hendricks,PF,213.6,32.5,36.0,11.27,3.32
2023,1641747,DaRon Holmes II,C,220.8,29.5,35.0,11.48,3.2
2023,1641720,Jalen Hood-Schifino,PG,216.6,,,,
2023,1641724,Jett Howard,SF,,,,,
2023,1641713,GG Jackson,PF,214.4,31.0,37.0,11.39,3.21
2023,1641748,Andre Jackson Jr.,SF,198.4,30.5,39.5,10.83,3.14
2023,1631218,Trayce Jackson-Davis,C,240.4,33.0,36.5,11.8,3.2
2023,1631170,Jaime Jaquez Jr.,SF,226.4,34.5,39.0,11.21,3.33
2023,1641749,Keyontae Johnson,SF,238.6,,,,
2023,1641732,Colby Jones,SG,199.2,30.5,35.0,11.14,3.33
2023,1641750,Ryan Kalkbrenner,C,251.8,28.0,30.5,12.27,3.39
2023,1641751,Arthur Kaluma,PF,221.8,32.5,34.5,11.35,3.44
2023,1631340,Mojave King,SG,200.6,33.5,42.0,11.07,3.18
2023,1641752,Bobi Klintman,PF,,,,,
2023,1641721,Maxwell Lewis,SG,207.2,32.5,36.5,11.4,3.43
2023,1641726,Dereck Lively Jr.,C,,,,,
2023,1641753,Chris Livingston,SF,219.2,30.5,37.0,11.65,3.27
2023,1641754,Seth Lundy,SF,214.4,31.5,35.5,11.02,3.15
2023,1631256,Kevin McCullar,SF,,,,,
2023,1641756,Mike Miles Jr.,PG,205.0,33.0,37.0,11.01,3.11
2023,1641757,Jordan Miller,SF,191.6,32.0,36.5,11.43,3.17
2023,1641706,Brandon Miller,SF,,,,,
2023,1631159,Leonard Miller,PF,212.8,32.0,37.5,11.0,3.33
2023,1641758,Judah Mintz,PG,176.4,28.5,37.0,10.32,3.24
2023,1641759,Dillon Mitchell,PF,193.0,29.0,37.0,10.92,3.32
2023,1641760,Omari Moore,SG,188.6,29.0,35.5,10.8,3.22
2023,1631200,Kris Murray,PF,212.8,29.5,35.0,11.11,3.3
2023,1641761,Grant Nelson,PF,223.4,32.0,35.5,9.99,3.21
2023,1641762,James Nnaji,C,,,,,
2023,1641763,Julian Phillips,SF,196.6,36.0,43.0,11.09,3.32
2023,1629618,Jalen Pickett,PG,197.8,28.5,33.0,11.91,3.35
2023,1641764,Brandin Podziemski,SG,203.8,31.5,39.0,11.16,3.21
2023,1641765,Olivier-Maxence Prosper,PF,212.4,35.0,40.5,10.59,3.21
2023,1641712,Rayan Rupert,SF,193.2,27.5,32.5,11.18,3.43
2023,1641766,Adama Sanogo,C,257.8,28.5,31.0,11.5,3.31
2023,1631204,Marcus Sasser,PG,195.6,27.0,35.0,10.68,3.43
2023,1641729,Brice Sensabaugh,SF,,,,,
2023,1630545,Terrence Shannon Jr.,SF,220.0,32.0,37.5,10.36,3.06
2023,1641767,Ben Sheppard,SG,194.6,29.5,35.5,10.88,3.17
2023,1641771,Jalen Slawson,PF,221.6,29.0,33.0,11.26,3.29
2023,1631173,Terquavion Smith,SG,163.2,30.0,37.0,10.86,3.21
2023,1641733,Nick Smith Jr.,SG,,,,,
2023,1631124,Julian Strawther,SF,208.8,27.5,34.5,10.94,3.31
2023,1641708,Amen Thompson,SG,214.2,,,,
2023,1641709,Ausar Thompson,SG,218.2,,,,
2023,1631166,Drew Timme,C,243.2,26.0,30.5,10.93,3.34
2023,1641772,Nae'Qwan Tomlin,PF,,,,,
2023,1631131,Oscar Tshiebwe,C,253.6,29.5,32.5,12.26,3.32
2023,1641773,Azuolas Tubelis,PF,234.8,23.5,30.5,11.17,3.5
2023,1641774,Tristan Vukcevic,C,223.4,26.0,30.5,11.71,3.43
2023,1641716,Jarace Walker,PF,248.6,34.5,38.0,10.89,3.2
2023,1641717,Cason Wallace,PG,195.2,28.0,36.0,10.82,3.34
2023,1641775,Jordan Walsh,SF,204.0,33.0,36.0,10.83,3.3
2023,1641705,Victor Wembanyama,C,,,,,
2023,1641727,Dariq Whitehead,SG,217.2,,,,
2023,1641715,Cam Whitmore,SF,235.0,31.5,40.5,10.82,3.2
2023,1630592,Jalen Wilson,SF,230.2,31.5,35.0,11.26,3.2
2023,1631209,Isaiah Wong,SG,178.4,32.5,37.0,10.93,3.22
